28/06/2021,14:23:05.864,1,000,060,001
28/06/2021,14:23:06.161,2,000,060,067
28/06/2021,14:23:06.489,1,000,060,029
28/06/2021,14:23:07.059,1,000,064,002
28/06/2021,14:23:07.357,2,000,064,111
28/06/2021,14:23:07.671,1,000,064,025
28/06/2021,14:23:08.345,1,000,067,017
28/06/2021,14:23:12.009,2,000,067,048
28/06/2021,14:23:12.030,2,000,060,056
28/06/2021,14:23:12.048,2,000,064,084
28/06/2021,14:28:33.163,1,000,060,023
28/06/2021,14:28:33.594,2,000,060,059
28/06/2021,14:28:34.314,1,000,062,025
28/06/2021,14:28:34.554,2,000,062,058
28/06/2021,14:28:35.029,1,000,064,026
28/06/2021,14:28:35.197,2,000,064,069
28/06/2021,14:28:35.534,1,000,062,023
28/06/2021,14:28:35.685,2,000,062,067
28/06/2021,14:28:35.971,1,000,060,032
28/06/2021,14:28:36.081,2,000,060,042
28/06/2021,14:28:42.145,1,000,067,034
28/06/2021,14:28:42.164,1,000,060,049
28/06/2021,14:28:42.181,1,000,064,056
28/06/2021,14:28:42.237,2,000,060,127
28/06/2021,14:28:42.258,2,000,067,127
28/06/2021,14:28:42.298,2,000,064,127
28/06/2021,14:28:44.681,1,000,060,027
28/06/2021,14:28:44.788,2,000,060,054
28/06/2021,14:28:44.980,1,000,060,014
28/06/2021,14:28:45.098,2,000,060,028
28/06/2021,14:28:45.234,1,000,060,023
28/06/2021,14:28:45.316,2,000,060,072
28/06/2021,14:28:45.470,1,000,060,022
28/06/2021,14:28:45.533,2,000,060,064
28/06/2021,14:28:45.693,1,000,060,097
28/06/2021,14:28:45.782,2,000,060,093
28/06/2021,14:28:45.882,1,000,060,080
28/06/2021,14:28:45.991,2,000,060,081
28/06/2021,14:28:46.103,1,000,060,071
28/06/2021,14:28:46.214,2,000,060,092
28/06/2021,14:28:46.308,1,000,060,093
28/06/2021,14:28:46.446,2,000,060,083
28/06/2021,14:28:46.836,1,000,062,045
28/06/2021,14:28:46.931,2,000,062,032
28/06/2021,14:28:47.069,1,000,062,031
28/06/2021,14:28:47.134,2,000,062,068
28/06/2021,14:28:47.257,1,000,062,029
28/06/2021,14:28:47.321,2,000,062,087
28/06/2021,14:28:47.452,1,000,062,024
28/06/2021,14:28:47.515,2,000,062,092
28/06/2021,14:28:47.665,1,000,062,098
28/06/2021,14:28:47.840,2,000,062,125
28/06/2021,14:28:48.023,1,000,062,089
28/06/2021,14:28:48.187,2,000,062,097
28/06/2021,14:28:49.195,1,000,067,045
28/06/2021,14:28:49.212,1,000,064,054
28/06/2021,14:28:49.230,1,000,060,031
28/06/2021,14:28:49.849,2,000,060,127
28/06/2021,14:28:49.866,2,000,064,127
28/06/2021,14:28:49.884,2,000,067,127
28/06/2021,14:28:57.767,1,000,072,037
28/06/2021,14:28:58.734,2,000,072,127
28/06/2021,14:28:59.859,1,000,072,034
28/06/2021,14:29:00.546,2,000,072,127
28/06/2021,14:29:01.860,1,000,074,018
28/06/2021,14:29:02.577,2,000,074,127
28/06/2021,14:29:03.264,1,000,074,031
28/06/2021,14:29:03.643,2,000,074,127
28/06/2021,14:29:05.094,1,000,076,031
28/06/2021,14:29:06.152,2,000,076,010
28/06/2021,14:29:07.302,1,000,076,018
28/06/2021,14:29:08.153,2,000,076,013
28/06/2021,14:29:09.061,1,000,077,011
28/06/2021,14:29:10.374,2,000,077,005
28/06/2021,14:29:11.746,1,000,077,099
28/06/2021,14:29:11.810,2,000,077,127
28/06/2021,14:29:16.323,1,000,084,015
28/06/2021,14:29:17.079,2,000,084,006
28/06/2021,14:29:18.497,1,000,086,010
28/06/2021,14:29:20.141,2,000,086,001
28/06/2021,14:29:27.420,1,000,048,042
28/06/2021,14:29:27.924,2,000,048,042
28/06/2021,14:29:28.162,1,000,055,031
28/06/2021,14:29:28.207,2,000,055,110
28/06/2021,14:29:28.831,1,000,060,021
28/06/2021,14:29:29.014,2,000,060,021
28/06/2021,14:29:29.437,1,000,065,017
28/06/2021,14:29:30.131,2,000,065,031
28/06/2021,14:29:30.155,1,000,070,015
28/06/2021,14:29:30.912,1,000,075,013
28/06/2021,14:29:31.162,2,000,075,042
28/06/2021,14:29:31.199,2,000,070,013
28/06/2021,14:29:31.468,1,000,075,024
28/06/2021,14:29:31.552,2,000,075,024
28/06/2021,14:29:31.797,1,000,075,027
28/06/2021,14:29:31.855,2,000,075,054
28/06/2021,14:29:32.028,1,000,075,042
28/06/2021,14:29:32.113,2,000,075,065
28/06/2021,14:29:32.229,1,000,075,049
28/06/2021,14:29:32.277,2,000,075,045
28/06/2021,14:29:32.393,1,000,075,057
28/06/2021,14:29:32.443,2,000,075,053
28/06/2021,14:29:32.538,1,000,075,063
28/06/2021,14:29:32.576,2,000,075,067
28/06/2021,14:29:32.664,1,000,075,069
28/06/2021,14:29:32.716,2,000,075,124
28/06/2021,14:29:32.798,1,000,075,073
28/06/2021,14:29:32.851,2,000,075,098
28/06/2021,14:29:32.922,1,000,075,071
28/06/2021,14:29:32.979,2,000,075,117
28/06/2021,14:29:33.054,1,000,075,071
28/06/2021,14:29:33.111,2,000,075,110
28/06/2021,14:29:33.184,1,000,075,067
28/06/2021,14:29:33.259,2,000,075,084
28/06/2021,14:29:33.484,1,000,075,042
28/06/2021,14:29:33.548,2,000,075,037
28/06/2021,14:29:33.861,1,000,075,029
28/06/2021,14:29:33.913,2,000,075,066
28/06/2021,14:29:34.303,1,000,075,025
28/06/2021,14:29:34.357,2,000,075,070
28/06/2021,14:29:34.973,1,000,075,016
28/06/2021,14:29:35.033,2,000,075,062
28/06/2021,14:29:36.666,1,000,075,021
28/06/2021,14:29:36.763,2,000,075,036
28/06/2021,14:29:40.338,1,000,048,009
28/06/2021,14:29:40.877,1,000,055,023
28/06/2021,14:29:41.311,1,000,060,036
28/06/2021,14:29:41.615,2,000,060,036
28/06/2021,14:29:41.635,1,000,062,039
28/06/2021,14:29:41.884,1,000,067,054
28/06/2021,14:29:41.934,2,000,062,060
28/06/2021,14:29:42.114,1,000,062,041
28/06/2021,14:29:42.287,2,000,062,042
28/06/2021,14:29:42.347,1,000,072,041
28/06/2021,14:29:42.553,1,000,062,040
28/06/2021,14:29:42.661,2,000,067,001
28/06/2021,14:29:42.806,2,000,055,064
28/06/2021,14:29:42.826,1,000,060,042
28/06/2021,14:29:43.060,2,000,048,053
28/06/2021,14:29:43.086,1,000,055,033
28/06/2021,14:29:43.407,1,000,048,030
28/06/2021,14:29:43.428,2,000,060,009
28/06/2021,14:29:43.452,2,000,055,031
28/06/2021,14:29:43.752,1,000,055,031
28/06/2021,14:29:43.849,2,000,062,001
28/06/2021,14:29:43.872,2,000,072,057
28/06/2021,14:29:44.023,1,000,060,026
28/06/2021,14:29:44.230,1,000,062,025
28/06/2021,14:29:44.420,1,000,067,025
28/06/2021,14:29:44.453,2,000,060,018
28/06/2021,14:29:44.556,2,000,062,022
28/06/2021,14:29:44.624,2,000,067,066
28/06/2021,14:29:44.647,1,000,069,027
28/06/2021,14:29:44.841,1,000,062,017
28/06/2021,14:29:44.860,2,000,069,062
28/06/2021,14:29:45.028,2,000,055,032
28/06/2021,14:29:45.089,1,000,060,017
28/06/2021,14:29:45.217,2,000,048,001
28/06/2021,14:29:45.289,1,000,055,025
28/06/2021,14:29:45.324,2,000,060,025
28/06/2021,14:29:45.526,1,000,048,039
28/06/2021,14:29:45.567,2,000,055,033
28/06/2021,14:29:45.818,2,000,062,047
28/06/2021,14:29:45.865,2,000,048,055
28/06/2021,14:29:53.565,1,000,036,029
28/06/2021,14:29:54.441,1,000,043,036
28/06/2021,14:29:54.909,2,000,036,052
28/06/2021,14:29:54.959,2,000,043,109
28/06/2021,14:29:54.980,1,000,048,041
28/06/2021,14:29:55.349,2,000,048,081
28/06/2021,14:29:55.369,1,000,050,041
28/06/2021,14:29:55.652,2,000,050,074
28/06/2021,14:29:55.672,1,000,052,040
28/06/2021,14:29:55.931,2,000,052,127
28/06/2021,14:29:55.952,1,000,055,046
28/06/2021,14:29:56.197,2,000,055,104
28/06/2021,14:29:56.218,1,000,060,047
28/06/2021,14:29:56.480,2,000,060,092
28/06/2021,14:29:56.499,1,000,062,046
28/06/2021,14:29:56.732,2,000,062,105
28/06/2021,14:29:56.755,1,000,064,047
28/06/2021,14:29:57.021,2,000,064,104
28/06/2021,14:29:57.041,1,000,067,048
28/06/2021,14:29:57.356,1,000,072,041
28/06/2021,14:29:57.395,2,000,067,112
28/06/2021,14:29:57.721,1,000,074,039
28/06/2021,14:29:58.079,1,000,076,028
28/06/2021,14:29:58.449,1,000,079,035
28/06/2021,14:29:58.871,2,000,079,040
28/06/2021,14:29:58.896,1,000,084,022
28/06/2021,14:29:59.024,2,000,074,035
28/06/2021,14:29:59.098,2,000,076,060
28/06/2021,14:29:59.232,1,000,079,021
28/06/2021,14:29:59.495,1,000,076,026
28/06/2021,14:29:59.734,2,000,072,083
28/06/2021,14:29:59.761,1,000,074,026
28/06/2021,14:29:59.996,2,000,074,079
28/06/2021,14:30:00.059,1,000,072,030
28/06/2021,14:30:00.279,2,000,072,080
28/06/2021,14:30:00.346,1,000,071,016
28/06/2021,14:30:00.641,1,000,072,038
28/06/2021,14:30:00.784,2,000,071,016
28/06/2021,14:30:00.865,2,000,076,044
28/06/2021,14:30:00.885,2,000,084,042
28/06/2021,14:30:00.922,1,000,074,031
28/06/2021,14:30:00.942,2,000,079,052
28/06/2021,14:30:01.087,2,000,072,015
28/06/2021,14:30:01.189,1,000,076,037
28/06/2021,14:30:01.452,1,000,079,023
28/06/2021,14:30:01.716,1,000,084,037
28/06/2021,14:30:01.760,2,000,079,074
28/06/2021,14:30:01.819,2,000,076,001
28/06/2021,14:30:01.947,2,000,074,044
28/06/2021,14:30:01.966,1,000,079,029
28/06/2021,14:30:02.267,1,000,076,019
28/06/2021,14:30:02.505,1,000,074,018
28/06/2021,14:30:02.904,2,000,074,076
28/06/2021,14:30:03.649,2,000,084,075
28/06/2021,14:30:03.669,2,000,079,066
28/06/2021,14:30:03.689,2,000,076,054
28/06/2021,14:30:04.421,1,000,048,026
28/06/2021,14:30:04.446,1,000,055,027
28/06/2021,14:30:04.567,1,000,060,032
28/06/2021,14:30:04.671,1,000,065,030
28/06/2021,14:30:04.730,1,000,070,028
28/06/2021,14:30:04.805,1,000,075,036
28/06/2021,14:30:05.121,2,000,075,056
28/06/2021,14:30:05.171,2,000,070,070
28/06/2021,14:30:05.192,2,000,065,093
28/06/2021,14:30:05.329,1,000,075,065
28/06/2021,14:30:05.373,2,000,060,022
28/06/2021,14:30:05.554,1,000,070,060
28/06/2021,14:30:05.766,1,000,065,061
28/06/2021,14:30:06.006,2,000,055,068
28/06/2021,14:30:06.025,1,000,060,041
28/06/2021,14:30:06.110,2,000,048,001
28/06/2021,14:30:06.265,1,000,055,041
28/06/2021,14:30:06.546,1,000,048,048
28/06/2021,14:30:06.630,2,000,060,001
28/06/2021,14:30:07.278,2,000,055,001
28/06/2021,14:30:07.392,2,000,075,053
28/06/2021,14:30:07.477,2,000,070,015
28/06/2021,14:30:07.497,2,000,065,039
28/06/2021,14:30:07.597,2,000,048,002
28/06/2021,14:30:08.716,1,000,075,014
28/06/2021,14:30:08.736,1,000,070,017
28/06/2021,14:30:08.764,1,000,048,010
28/06/2021,14:30:08.790,1,000,065,013
28/06/2021,14:30:08.874,2,000,075,048
28/06/2021,14:30:08.894,2,000,065,048
28/06/2021,14:30:08.917,2,000,070,023
28/06/2021,14:30:08.952,2,000,048,062
28/06/2021,14:30:10.750,1,000,075,047
28/06/2021,14:30:10.770,1,000,070,042
28/06/2021,14:30:10.790,1,000,065,055
28/06/2021,14:30:10.824,1,000,060,041
28/06/2021,14:30:10.864,1,000,048,040
28/06/2021,14:30:11.272,2,000,048,047
28/06/2021,14:30:11.356,2,000,060,034
28/06/2021,14:30:11.376,2,000,075,048
28/06/2021,14:30:11.395,2,000,070,053
28/06/2021,14:30:11.430,2,000,065,085
28/06/2021,14:30:34.297,1,000,065,037
28/06/2021,14:30:34.506,2,000,065,100
28/06/2021,14:30:34.529,1,000,067,036
28/06/2021,14:30:34.666,2,000,067,109
28/06/2021,14:30:34.698,1,000,065,040
28/06/2021,14:30:34.788,2,000,065,071
28/06/2021,14:30:34.819,1,000,067,032
28/06/2021,14:30:34.895,2,000,067,070
28/06/2021,14:30:34.917,1,000,065,048
28/06/2021,14:30:34.977,2,000,065,072
28/06/2021,14:30:35.048,1,000,067,024
28/06/2021,14:30:35.137,2,000,067,067
28/06/2021,14:30:35.156,1,000,065,013
28/06/2021,14:30:35.263,2,000,065,125
28/06/2021,14:30:41.044,1,000,060,035
28/06/2021,14:30:41.248,2,000,060,096
28/06/2021,14:30:41.278,1,000,062,025
28/06/2021,14:30:41.361,2,000,062,110
28/06/2021,14:30:41.390,1,000,064,041
28/06/2021,14:30:41.433,2,000,064,127
28/06/2021,14:30:41.514,1,000,065,023
28/06/2021,14:30:41.547,1,000,064,018
28/06/2021,14:30:41.576,2,000,064,098
28/06/2021,14:30:41.595,2,000,065,121
28/06/2021,14:30:41.629,1,000,067,038
28/06/2021,14:30:41.670,2,000,067,094
28/06/2021,14:30:41.720,1,000,069,046
28/06/2021,14:30:41.775,2,000,069,127
28/06/2021,14:30:41.795,1,000,071,034
28/06/2021,14:30:41.832,2,000,071,127
28/06/2021,14:30:41.873,1,000,072,043
28/06/2021,14:30:41.913,2,000,072,067
28/06/2021,14:30:41.953,1,000,071,045
28/06/2021,14:30:41.993,1,000,069,057
28/06/2021,14:30:42.035,2,000,071,106
28/06/2021,14:30:42.075,2,000,069,100
28/06/2021,14:30:42.115,1,000,067,027
28/06/2021,14:30:42.156,2,000,067,127
28/06/2021,14:30:42.197,1,000,065,043
28/06/2021,14:30:42.237,2,000,065,043
28/06/2021,14:30:42.281,1,000,064,043
28/06/2021,14:30:42.318,2,000,064,118
28/06/2021,14:30:42.359,1,000,062,035
28/06/2021,14:30:42.400,2,000,062,091
28/06/2021,14:30:42.440,1,000,060,062
28/06/2021,14:30:42.481,2,000,060,071
28/06/2021,14:30:46.631,1,000,072,027
28/06/2021,14:30:46.698,1,000,076,032
28/06/2021,14:30:46.718,2,000,072,053
28/06/2021,14:30:46.776,1,000,079,025
28/06/2021,14:30:46.795,2,000,076,075
28/06/2021,14:30:46.841,2,000,079,107
28/06/2021,14:30:46.860,1,000,084,035
28/06/2021,14:30:46.918,2,000,084,064
28/06/2021,14:30:47.392,1,000,084,050
28/06/2021,14:30:47.464,2,000,084,034
28/06/2021,14:30:47.521,1,000,079,034
28/06/2021,14:30:47.616,1,000,076,038
28/06/2021,14:30:47.637,2,000,079,051
28/06/2021,14:30:47.719,1,000,072,055
28/06/2021,14:30:47.738,2,000,076,105
28/06/2021,14:30:47.812,2,000,072,106
28/06/2021,14:30:48.713,1,000,060,046
28/06/2021,14:30:48.773,2,000,060,081
28/06/2021,14:30:48.793,1,000,062,051
28/06/2021,14:30:48.844,2,000,062,079
28/06/2021,14:30:48.974,1,000,065,040
28/06/2021,14:30:49.024,2,000,065,127
28/06/2021,14:30:49.045,1,000,067,033
28/06/2021,14:30:49.123,1,000,069,046
28/06/2021,14:30:49.143,2,000,067,101
28/06/2021,14:30:49.194,2,000,069,064
28/06/2021,14:30:49.215,1,000,071,048
28/06/2021,14:30:49.239,2,000,071,127
28/06/2021,14:30:49.278,1,000,072,055
28/06/2021,14:30:49.318,2,000,072,045
28/06/2021,14:30:50.783,1,000,060,041
28/06/2021,14:30:50.850,2,000,060,067
28/06/2021,14:30:51.043,1,000,067,040
28/06/2021,14:30:51.111,2,000,067,065
28/06/2021,14:30:51.313,1,000,064,034
28/06/2021,14:30:51.393,2,000,064,061
28/06/2021,14:30:51.604,1,000,072,041
28/06/2021,14:30:51.727,2,000,072,056
28/06/2021,14:30:53.205,1,000,060,052
28/06/2021,14:30:53.259,2,000,060,073
28/06/2021,14:30:53.484,1,000,067,045
28/06/2021,14:30:53.557,2,000,067,049
28/06/2021,14:30:53.002,1,000,072,038
28/06/2021,14:30:54.067,2,000,072,056
28/06/2021,14:30:54.650,1,000,067,032
28/06/2021,14:30:54.731,2,000,067,058
28/06/2021,14:30:54.866,1,000,064,040
28/06/2021,14:30:54.931,2,000,064,078
28/06/2021,14:30:55.123,1,000,060,021
28/06/2021,14:30:55.189,2,000,060,068
28/06/2021,14:30:56.158,1,000,060,040
28/06/2021,14:30:56.388,2,000,060,065
28/06/2021,14:30:56.408,1,000,062,036
28/06/2021,14:30:56.582,2,000,062,081
28/06/2021,14:30:56.602,1,000,060,045
28/06/2021,14:30:56.751,2,000,060,085
28/06/2021,14:30:56.772,1,000,062,035
28/06/2021,14:30:56.874,2,000,062,094
28/06/2021,14:30:56.912,1,000,060,041
28/06/2021,14:30:56.001,2,000,060,056
28/06/2021,14:30:57.026,1,000,062,030
28/06/2021,14:30:57.081,2,000,062,098
28/06/2021,14:30:57.122,1,000,060,052
28/06/2021,14:30:57.203,2,000,060,072
28/06/2021,14:30:57.252,1,000,062,017
28/06/2021,14:30:57.284,2,000,062,118
28/06/2021,14:30:57.303,1,000,060,059
28/06/2021,14:30:57.382,2,000,060,077
28/06/2021,14:30:57.406,1,000,062,023
28/06/2021,14:30:57.440,2,000,062,127
28/06/2021,14:30:57.487,1,000,060,046
28/06/2021,14:30:57.549,2,000,060,068
28/06/2021,14:30:57.568,1,000,062,031
28/06/2021,14:30:57.602,2,000,062,127
28/06/2021,14:30:57.641,1,000,060,052
28/06/2021,14:30:57.716,2,000,060,045
28/06/2021,14:31:01.893,1,000,036,031
28/06/2021,14:31:01.912,1,000,048,028
28/06/2021,14:31:02.411,1,000,060,034
28/06/2021,14:31:02.659,2,000,060,066
28/06/2021,14:31:02.686,1,000,062,030
28/06/2021,14:31:02.815,2,000,062,029
28/06/2021,14:31:02.863,1,000,060,039
28/06/2021,14:31:02.963,2,000,060,073
28/06/2021,14:31:02.001,1,000,062,023
28/06/2021,14:31:03.056,2,000,062,123
28/06/2021,14:31:03.090,1,000,060,040
28/06/2021,14:31:03.170,2,000,060,052
28/06/2021,14:31:03.197,1,000,062,020
28/06/2021,14:31:03.244,2,000,062,127
28/06/2021,14:31:03.279,1,000,060,041
28/06/2021,14:31:03.350,2,000,060,063
28/06/2021,14:31:03.372,1,000,062,023
28/06/2021,14:31:03.427,2,000,062,125
28/06/2021,14:31:03.472,1,000,060,038
28/06/2021,14:31:03.541,2,000,060,074
28/06/2021,14:31:03.562,1,000,062,017
28/06/2021,14:31:03.607,2,000,062,119
28/06/2021,14:31:03.653,1,000,060,040
28/06/2021,14:31:03.717,2,000,060,083
28/06/2021,14:31:03.825,1,000,060,042
28/06/2021,14:31:03.891,2,000,060,069
28/06/2021,14:31:03.932,1,000,062,016
28/06/2021,14:31:03.968,2,000,062,123
28/06/2021,14:31:03.999,1,000,060,043
28/06/2021,14:31:04.054,2,000,060,099
28/06/2021,14:31:04.078,1,000,062,030
28/06/2021,14:31:04.121,2,000,062,127
28/06/2021,14:31:04.166,1,000,060,039
28/06/2021,14:31:04.222,1,000,062,040
28/06/2021,14:31:04.242,2,000,060,065
28/06/2021,14:31:04.270,2,000,062,122
28/06/2021,14:31:04.404,2,000,036,015
28/06/2021,14:31:04.649,2,000,048,105
28/06/2021,14:31:06.518,1,000,064,037
28/06/2021,14:31:06.538,1,000,067,036
28/06/2021,14:31:06.557,1,000,048,033
28/06/2021,14:31:06.592,1,000,055,025
28/06/2021,14:31:06.632,1,000,062,021
28/06/2021,14:31:06.673,1,000,060,019
28/06/2021,14:31:07.264,2,000,062,068
28/06/2021,14:31:07.394,2,000,048,068
28/06/2021,14:31:07.413,2,000,064,064
28/06/2021,14:31:07.434,2,000,060,051
28/06/2021,14:31:07.467,2,000,055,051
28/06/2021,14:31:07.507,2,000,067,057
28/06/2021,14:31:07.994,1,000,072,021
28/06/2021,14:31:08.014,1,000,067,026
28/06/2021,14:31:08.034,1,000,048,021
28/06/2021,14:31:08.068,1,000,064,015
28/06/2021,14:31:08.108,1,000,055,015
28/06/2021,14:31:08.148,1,000,060,018
28/06/2021,14:31:08.831,2,000,048,014
28/06/2021,14:31:08.880,2,000,055,073
28/06/2021,14:31:08.900,2,000,064,070
28/06/2021,14:31:08.920,2,000,060,102
28/06/2021,14:31:08.953,2,000,067,058
28/06/2021,14:31:08.994,2,000,072,057
28/06/2021,14:31:10.041,1,000,067,030
28/06/2021,14:31:10.064,1,000,076,033
28/06/2021,14:31:10.084,1,000,074,025
28/06/2021,14:31:10.115,1,000,072,020
28/06/2021,14:31:10.155,1,000,079,029
28/06/2021,14:31:10.718,2,000,074,001
28/06/2021,14:31:10.738,2,000,076,039
28/06/2021,14:31:10.767,2,000,079,029
28/06/2021,14:31:10.954,2,000,067,008
28/06/2021,14:31:10.991,2,000,072,025
28/06/2021,14:31:11.841,1,000,084,034
28/06/2021,14:31:11.861,1,000,076,025
28/06/2021,14:31:12.261,2,000,084,066
28/06/2021,14:31:12.299,2,000,076,058
28/06/2021,14:31:13.299,1,000,055,024
28/06/2021,14:31:13.320,1,000,064,025
28/06/2021,14:31:13.339,1,000,048,026
28/06/2021,14:31:13.373,1,000,060,021
28/06/2021,14:31:13.414,1,000,062,024
28/06/2021,14:31:13.454,1,000,067,023
28/06/2021,14:31:14.343,2,000,064,063
28/06/2021,14:31:14.430,2,000,062,042
28/06/2021,14:31:14.453,2,000,048,068
28/06/2021,14:31:14.473,2,000,060,052
28/06/2021,14:31:14.535,2,000,067,080
28/06/2021,14:31:14.556,2,000,055,045
28/06/2021,14:31:14.809,1,000,063,026
28/06/2021,14:31:14.832,1,000,067,029
28/06/2021,14:31:14.852,1,000,070,026
28/06/2021,14:31:14.882,1,000,060,028
28/06/2021,14:31:14.922,1,000,048,019
28/06/2021,14:31:14.963,1,000,062,023
28/06/2021,14:31:15.540,2,000,060,112
28/06/2021,14:31:15.586,2,000,048,069
28/06/2021,14:31:15.606,2,000,063,046
28/06/2021,14:31:15.626,2,000,070,057
28/06/2021,14:31:15.659,2,000,067,080
28/06/2021,14:31:15.700,2,000,062,098
28/06/2021,14:31:17.223,1,000,063,025
28/06/2021,14:31:17.243,1,000,075,025
28/06/2021,14:31:17.266,1,000,051,025
28/06/2021,14:31:17.296,1,000,070,027
28/06/2021,14:31:17.337,1,000,067,035
28/06/2021,14:31:17.399,2,000,051,056
28/06/2021,14:31:17.429,2,000,063,028
28/06/2021,14:31:17.471,2,000,067,036
28/06/2021,14:31:17.500,2,000,070,031
28/06/2021,14:31:17.540,2,000,075,023
28/06/2021,14:31:18.365,1,000,075,028
28/06/2021,14:31:18.385,1,000,070,021
28/06/2021,14:31:18.405,1,000,079,038
28/06/2021,14:31:18.439,1,000,058,021
28/06/2021,14:31:18.825,2,000,070,040
28/06/2021,14:31:18.864,2,000,075,072
28/06/2021,14:31:18.883,2,000,079,078
28/06/2021,14:31:18.904,2,000,058,060
28/06/2021,14:32:13.419,1,000,065,072
28/06/2021,14:32:13.675,1,000,067,050
28/06/2021,14:32:13.696,2,000,065,098
28/06/2021,14:32:13.799,2,000,067,110
28/06/2021,14:32:15.834,1,000,065,056
28/06/2021,14:32:16.099,1,000,067,048
28/06/2021,14:32:16.120,2,000,065,105
28/06/2021,14:32:16.280,2,000,067,125
28/06/2021,14:32:16.300,1,000,065,053
28/06/2021,14:32:16.471,2,000,065,127
28/06/2021,14:32:16.490,1,000,067,054
28/06/2021,14:32:16.581,2,000,067,127
28/06/2021,14:32:16.606,1,000,065,051
28/06/2021,14:32:16.705,2,000,065,111
28/06/2021,14:32:16.741,1,000,067,045
28/06/2021,14:32:16.797,2,000,067,100
28/06/2021,14:32:16.818,1,000,065,048
28/06/2021,14:32:16.900,2,000,065,093
28/06/2021,14:32:16.952,1,000,067,033
28/06/2021,14:32:16.989,2,000,067,127
28/06/2021,14:32:17.009,1,000,065,053
28/06/2021,14:32:17.062,2,000,065,069
28/06/2021,14:32:17.085,1,000,067,064
28/06/2021,14:32:17.128,2,000,067,115
28/06/2021,14:32:17.175,1,000,065,058
28/06/2021,14:32:17.225,2,000,065,085
28/06/2021,14:32:17.263,1,000,067,038
28/06/2021,14:32:17.295,2,000,067,127
28/06/2021,14:32:17.326,1,000,065,054
28/06/2021,14:32:17.375,2,000,065,102
28/06/2021,14:32:17.394,1,000,067,060
28/06/2021,14:32:17.433,2,000,067,110
28/06/2021,14:32:17.478,1,000,065,051
28/06/2021,14:32:17.533,2,000,065,080
28/06/2021,14:32:17.556,1,000,067,044
28/06/2021,14:32:17.597,2,000,067,127
28/06/2021,14:32:17.634,1,000,065,064
28/06/2021,14:32:17.702,2,000,065,079
28/06/2021,14:32:17.721,1,000,067,047
28/06/2021,14:32:17.756,2,000,067,127
28/06/2021,14:32:17.797,1,000,065,074
28/06/2021,14:32:17.851,2,000,065,080
28/06/2021,14:32:42.122,1,000,065,051
28/06/2021,14:32:42.358,2,000,065,127
28/06/2021,14:32:42.381,1,000,067,043
28/06/2021,14:32:42.489,2,000,067,106
28/06/2021,14:32:42.519,1,000,065,050
28/06/2021,14:32:42.623,2,000,065,099
28/06/2021,14:32:42.649,1,000,067,051
28/06/2021,14:32:42.731,2,000,067,116
28/06/2021,14:32:42.754,1,000,065,053
28/06/2021,14:32:42.820,2,000,065,105
28/06/2021,14:32:42.873,1,000,067,044
28/06/2021,14:32:42.920,2,000,067,127
28/06/2021,14:32:42.940,1,000,065,050
28/06/2021,14:32:42.997,2,000,065,067
28/06/2021,14:32:43.023,1,000,067,035
28/06/2021,14:32:43.078,2,000,067,127
28/06/2021,14:32:43.102,1,000,065,058
28/06/2021,14:32:43.159,2,000,065,069
28/06/2021,14:32:43.197,1,000,067,048
28/06/2021,14:32:43.242,2,000,067,127
28/06/2021,14:32:43.283,1,000,065,058
28/06/2021,14:32:43.333,2,000,065,086
28/06/2021,14:32:43.375,1,000,067,022
28/06/2021,14:32:43.406,2,000,067,115
28/06/2021,14:32:43.458,1,000,065,048
28/06/2021,14:32:43.505,2,000,065,098
28/06/2021,14:32:43.527,1,000,067,046
28/06/2021,14:32:43.571,2,000,067,127
28/06/2021,14:32:43.618,1,000,065,063
28/06/2021,14:32:43.665,2,000,065,094
28/06/2021,14:32:43.711,1,000,067,040
28/06/2021,14:32:43.755,2,000,067,122
28/06/2021,14:32:43.781,1,000,065,049
28/06/2021,14:32:43.837,2,000,065,074
28/06/2021,14:32:43.862,1,000,067,049
28/06/2021,14:32:43.912,2,000,067,110
28/06/2021,14:32:43.953,1,000,065,063
28/06/2021,14:32:44.022,2,000,065,058
28/06/2021,14:32:44.059,1,000,067,030
28/06/2021,14:32:44.087,2,000,067,127
28/06/2021,14:32:44.112,1,000,065,067
28/06/2021,14:32:44.186,2,000,065,096
28/06/2021,14:32:44.206,1,000,067,058
28/06/2021,14:32:44.244,2,000,067,127
28/06/2021,14:32:44.286,1,000,065,063
28/06/2021,14:32:44.351,2,000,065,067
28/06/2021,14:32:44.371,1,000,067,035
28/06/2021,14:32:44.405,2,000,067,125
28/06/2021,14:32:44.446,1,000,065,059
28/06/2021,14:32:44.504,2,000,065,062
28/06/2021,14:32:44.524,1,000,067,062
28/06/2021,14:32:44.573,2,000,067,065
28/06/2021,14:32:44.609,1,000,065,064
28/06/2021,14:32:44.686,2,000,065,093
28/06/2021,14:32:44.707,1,000,067,064
28/06/2021,14:32:44.746,2,000,067,098
28/06/2021,14:32:44.778,1,000,065,067
28/06/2021,14:32:44.856,2,000,065,102
28/06/2021,14:32:44.876,1,000,067,061
28/06/2021,14:32:44.918,2,000,067,104
28/06/2021,14:32:44.951,1,000,065,069
28/06/2021,14:32:45.025,2,000,065,097
28/06/2021,14:32:45.048,1,000,067,049
28/06/2021,14:32:45.083,2,000,067,127
28/06/2021,14:32:45.113,1,000,065,075
28/06/2021,14:32:45.192,2,000,065,117
28/06/2021,14:32:45.211,1,000,067,046
28/06/2021,14:32:45.240,2,000,067,127
28/06/2021,14:32:45.275,1,000,065,076
28/06/2021,14:32:45.353,2,000,065,101
28/06/2021,14:32:45.373,1,000,067,042
28/06/2021,14:32:45.410,2,000,067,127
28/06/2021,14:32:45.440,1,000,065,067
28/06/2021,14:32:45.511,2,000,065,067
28/06/2021,14:32:45.535,1,000,067,050
28/06/2021,14:32:45.571,2,000,067,127
28/06/2021,14:32:45.608,1,000,065,071
28/06/2021,14:32:45.686,2,000,065,105
28/06/2021,14:32:45.706,1,000,067,053
28/06/2021,14:32:45.745,2,000,067,117
28/06/2021,14:32:45.780,1,000,065,064
28/06/2021,14:32:45.853,2,000,065,067
28/06/2021,14:32:45.874,1,000,067,036
28/06/2021,14:32:45.905,2,000,067,127
28/06/2021,14:32:45.941,1,000,065,064
28/06/2021,14:32:46.019,2,000,065,083
28/06/2021,14:32:46.039,1,000,067,053
28/06/2021,14:32:46.072,2,000,067,110
28/06/2021,14:32:46.120,1,000,065,060
28/06/2021,14:32:46.192,2,000,065,070
28/06/2021,14:32:46.212,1,000,067,042
28/06/2021,14:32:46.246,2,000,067,127
28/06/2021,14:32:46.288,1,000,065,061
28/06/2021,14:32:46.364,2,000,065,101
28/06/2021,14:32:46.385,1,000,067,049
28/06/2021,14:32:46.414,2,000,067,127
28/06/2021,14:32:46.453,1,000,065,068
28/06/2021,14:32:46.539,2,000,065,121
28/06/2021,14:32:46.560,1,000,067,032
28/06/2021,14:32:46.582,2,000,067,127
28/06/2021,14:32:46.623,1,000,065,068
28/06/2021,14:32:46.701,1,000,067,051
28/06/2021,14:32:46.721,2,000,065,058
28/06/2021,14:32:46.743,2,000,067,127
28/06/2021,14:32:46.786,1,000,065,067
28/06/2021,14:32:46.846,2,000,065,050
28/06/2021,14:32:46.878,1,000,067,044
28/06/2021,14:32:46.917,2,000,067,126
28/06/2021,14:32:46.000,1,000,065,055
28/06/2021,14:32:47.132,2,000,065,103
28/06/2021,14:32:47.178,1,000,067,040
28/06/2021,14:32:47.199,2,000,067,127
28/06/2021,14:32:47.218,1,000,065,064
28/06/2021,14:32:47.256,2,000,065,049
28/06/2021,14:32:47.293,1,000,067,049
28/06/2021,14:32:47.334,2,000,067,108
28/06/2021,14:32:47.374,1,000,065,068
28/06/2021,14:32:47.415,2,000,065,095
28/06/2021,14:32:47.455,1,000,067,044
28/06/2021,14:32:47.496,2,000,067,127
28/06/2021,14:32:47.537,1,000,065,067
28/06/2021,14:32:47.577,2,000,065,103
28/06/2021,14:32:47.618,1,000,067,049
28/06/2021,14:32:47.658,2,000,067,127
28/06/2021,14:32:47.699,1,000,065,069
28/06/2021,14:32:47.740,2,000,065,105
28/06/2021,14:32:47.784,1,000,067,040
28/06/2021,14:32:47.820,2,000,067,127
28/06/2021,14:32:47.860,1,000,065,062
28/06/2021,14:32:47.901,2,000,065,110
28/06/2021,14:32:47.942,1,000,067,049
28/06/2021,14:32:47.982,2,000,067,127
28/06/2021,14:32:48.023,1,000,065,069
28/06/2021,14:32:48.063,2,000,065,121
28/06/2021,14:32:48.104,1,000,067,038
28/06/2021,14:32:48.145,2,000,067,127
28/06/2021,14:32:48.185,1,000,065,069
28/06/2021,14:32:48.226,2,000,065,108
28/06/2021,14:32:48.267,1,000,067,050
28/06/2021,14:32:48.311,2,000,067,111
28/06/2021,14:32:48.348,1,000,065,064
28/06/2021,14:32:48.403,2,000,065,080
28/06/2021,14:32:48.429,1,000,067,046
28/06/2021,14:32:48.470,2,000,067,127
28/06/2021,14:32:48.510,1,000,065,065
28/06/2021,14:32:48.584,2,000,065,103
28/06/2021,14:32:48.604,1,000,067,046
28/06/2021,14:32:48.646,2,000,067,106
28/06/2021,14:32:48.675,1,000,065,061
28/06/2021,14:32:48.758,2,000,065,106
28/06/2021,14:32:48.778,1,000,067,042
28/06/2021,14:32:48.814,2,000,067,127
28/06/2021,14:32:48.841,1,000,065,071
28/06/2021,14:32:48.935,2,000,065,106
28/06/2021,14:32:48.954,1,000,067,030
28/06/2021,14:32:48.983,2,000,067,127
28/06/2021,14:32:49.018,1,000,065,066
28/06/2021,14:32:49.088,2,000,065,065
28/06/2021,14:32:49.109,1,000,067,057
28/06/2021,14:32:49.137,2,000,067,114
28/06/2021,14:32:49.181,1,000,065,064
28/06/2021,14:32:49.273,2,000,065,116
28/06/2021,14:32:49.293,1,000,067,051
28/06/2021,14:32:49.323,2,000,067,103
28/06/2021,14:32:49.356,1,000,065,067
28/06/2021,14:32:49.451,2,000,065,112
28/06/2021,14:32:49.472,1,000,067,047
28/06/2021,14:32:49.504,2,000,067,127
28/06/2021,14:32:49.534,1,000,065,067
28/06/2021,14:32:49.623,2,000,065,092
28/06/2021,14:32:49.643,1,000,067,046
28/06/2021,14:32:49.675,2,000,067,127
28/06/2021,14:32:49.709,1,000,065,066
28/06/2021,14:32:49.797,2,000,065,110
28/06/2021,14:32:49.817,1,000,067,041
28/06/2021,14:32:49.854,2,000,067,107
28/06/2021,14:32:49.885,1,000,065,061
28/06/2021,14:32:49.985,2,000,065,121
28/06/2021,14:32:50.006,1,000,067,047
28/06/2021,14:32:50.042,2,000,067,127
28/06/2021,14:32:50.065,1,000,065,072
28/06/2021,14:32:50.163,2,000,065,108
28/06/2021,14:32:50.183,1,000,067,039
28/06/2021,14:32:50.224,2,000,067,118
28/06/2021,14:32:50.246,1,000,065,068
28/06/2021,14:32:50.348,2,000,065,115
28/06/2021,14:32:50.367,1,000,067,040
28/06/2021,14:32:50.405,2,000,067,104
28/06/2021,14:32:50.432,1,000,065,064
28/06/2021,14:32:50.533,2,000,065,098
28/06/2021,14:32:50.557,1,000,067,027
28/06/2021,14:32:50.585,2,000,067,127
28/06/2021,14:32:50.619,1,000,065,062
28/06/2021,14:32:50.691,2,000,065,038
28/06/2021,14:32:50.711,1,000,067,049
28/06/2021,14:32:50.754,2,000,067,127
28/06/2021,14:32:50.778,1,000,065,068
28/06/2021,14:32:50.872,2,000,065,109
28/06/2021,14:32:50.892,1,000,067,043
28/06/2021,14:32:50.928,2,000,067,127
28/06/2021,14:32:50.956,1,000,065,067
28/06/2021,14:32:51.057,2,000,065,114
28/06/2021,14:32:51.082,1,000,067,026
28/06/2021,14:32:51.115,2,000,067,127
28/06/2021,14:32:51.136,1,000,065,072
28/06/2021,14:32:51.248,1,000,067,032
28/06/2021,14:32:51.268,2,000,065,076
28/06/2021,14:32:51.294,2,000,067,125
28/06/2021,14:32:51.323,1,000,065,060
28/06/2021,14:32:51.399,2,000,065,033
28/06/2021,14:32:51.420,1,000,067,050
28/06/2021,14:32:51.457,2,000,067,112
28/06/2021,14:32:51.485,1,000,065,073
28/06/2021,14:32:51.582,2,000,065,107
28/06/2021,14:32:51.668,1,000,065,061
28/06/2021,14:32:51.733,2,000,065,050
28/06/2021,14:32:51.754,1,000,067,063
28/06/2021,14:32:51.796,2,000,067,113
28/06/2021,14:32:51.837,1,000,065,071
28/06/2021,14:32:51.926,2,000,065,121
28/06/2021,14:32:51.950,1,000,067,057
28/06/2021,14:32:51.991,2,000,067,127
28/06/2021,14:32:52.019,1,000,065,068
28/06/2021,14:32:52.113,2,000,065,119
28/06/2021,14:32:52.133,1,000,067,037
28/06/2021,14:32:52.174,2,000,067,118
28/06/2021,14:32:52.195,1,000,065,072
28/06/2021,14:32:52.290,2,000,065,107
28/06/2021,14:32:52.310,1,000,067,027
28/06/2021,14:32:52.354,2,000,067,127
28/06/2021,14:32:52.407,1,000,065,069
28/06/2021,14:32:52.449,2,000,065,046
28/06/2021,14:32:52.469,1,000,067,054
28/06/2021,14:32:52.511,2,000,067,098
28/06/2021,14:32:52.549,1,000,065,063
28/06/2021,14:32:52.640,2,000,065,113
28/06/2021,14:32:52.660,1,000,067,048
28/06/2021,14:32:52.699,2,000,067,122
28/06/2021,14:32:52.723,1,000,065,068
28/06/2021,14:32:52.826,2,000,065,104
28/06/2021,14:32:52.845,1,000,067,039
28/06/2021,14:32:52.877,2,000,067,125
28/06/2021,14:32:52.911,1,000,065,064
28/06/2021,14:32:53.009,2,000,065,114
28/06/2021,14:32:53.032,1,000,067,032
28/06/2021,14:32:53.072,2,000,067,118
28/06/2021,14:32:53.093,1,000,065,063
28/06/2021,14:32:53.192,2,000,065,108
28/06/2021,14:32:53.213,1,000,067,048
28/06/2021,14:32:53.244,2,000,067,102
28/06/2021,14:32:53.281,1,000,065,056
28/06/2021,14:32:53.358,1,000,067,057
28/06/2021,14:32:53.378,2,000,065,094
28/06/2021,14:32:53.424,2,000,067,050
28/06/2021,14:32:53.456,1,000,065,062
28/06/2021,14:32:53.555,1,000,067,047
28/06/2021,14:32:53.574,2,000,065,094
28/06/2021,14:32:53.598,2,000,067,127
28/06/2021,14:32:53.629,1,000,065,072
28/06/2021,14:32:53.738,2,000,065,083
28/06/2021,14:32:53.814,1,000,065,065
28/06/2021,14:32:53.914,2,000,065,103
28/06/2021,14:32:53.934,1,000,067,045
28/06/2021,14:32:53.992,2,000,067,070
28/06/2021,14:32:54.013,1,000,065,058
28/06/2021,14:32:54.107,2,000,065,096
28/06/2021,14:32:54.130,1,000,067,049
28/06/2021,14:32:54.176,2,000,067,122
28/06/2021,14:32:54.196,1,000,065,053
28/06/2021,14:32:54.284,2,000,065,080
28/06/2021,14:32:54.307,1,000,067,044
28/06/2021,14:32:54.347,2,000,067,096
28/06/2021,14:32:54.380,1,000,065,056
28/06/2021,14:32:54.482,2,000,065,065
28/06/2021,14:32:54.502,1,000,067,038
28/06/2021,14:32:54.523,2,000,067,127
28/06/2021,14:32:54.555,1,000,065,072
28/06/2021,14:32:54.651,2,000,065,090
28/06/2021,14:32:54.671,1,000,067,042
28/06/2021,14:32:54.694,2,000,067,127
28/06/2021,14:32:54.734,1,000,065,066
28/06/2021,14:32:54.811,1,000,067,048
28/06/2021,14:32:54.831,2,000,065,052
28/06/2021,14:32:54.866,2,000,067,081
28/06/2021,14:32:54.907,1,000,065,063
28/06/2021,14:32:54.995,2,000,065,106
28/06/2021,14:32:55.015,1,000,067,048
28/06/2021,14:32:55.047,2,000,067,096
28/06/2021,14:32:55.089,1,000,065,055
28/06/2021,14:32:55.171,2,000,065,085
28/06/2021,14:32:55.191,1,000,067,042
28/06/2021,14:32:55.242,2,000,067,125
28/06/2021,14:32:55.266,1,000,065,055
28/06/2021,14:32:55.369,2,000,065,096
28/06/2021,14:32:55.389,1,000,067,045
28/06/2021,14:32:55.418,2,000,067,114
28/06/2021,14:32:55.453,1,000,065,064
28/06/2021,14:32:55.575,1,000,067,021
28/06/2021,14:32:55.596,2,000,065,053
28/06/2021,14:32:55.615,2,000,067,127
28/06/2021,14:32:55.650,1,000,065,030
28/06/2021,14:32:55.725,1,000,067,051
28/06/2021,14:32:55.745,2,000,065,081
28/06/2021,14:32:55.839,2,000,067,084
28/06/2021,14:32:55.860,1,000,065,041
28/06/2021,14:32:55.935,1,000,067,040
28/06/2021,14:32:55.954,2,000,065,045
28/06/2021,14:32:56.014,2,000,067,063
28/06/2021,14:32:56.035,1,000,065,067
28/06/2021,14:32:56.119,2,000,065,062
28/06/2021,14:32:56.143,1,000,067,049
28/06/2021,14:32:56.187,2,000,067,102
28/06/2021,14:33:26.769,1,000,065,029
28/06/2021,14:33:26.952,2,000,065,127
28/06/2021,14:33:26.975,1,000,067,039
28/06/2021,14:33:27.088,2,000,067,121
28/06/2021,14:33:27.108,1,000,065,039
28/06/2021,14:33:27.194,2,000,065,103
28/06/2021,14:33:27.214,1,000,067,047
28/06/2021,14:33:27.293,2,000,067,066
28/06/2021,14:33:27.313,1,000,065,057
28/06/2021,14:33:27.384,2,000,065,090
28/06/2021,14:33:27.406,1,000,067,039
28/06/2021,14:33:27.473,2,000,067,084
28/06/2021,14:33:27.493,1,000,065,055
28/06/2021,14:33:27.554,2,000,065,054
28/06/2021,14:33:27.600,1,000,067,015
28/06/2021,14:33:27.664,1,000,065,040
28/06/2021,14:33:27.711,2,000,067,041
28/06/2021,14:33:27.731,2,000,065,105
28/06/2021,14:33:27.811,1,000,065,041
28/06/2021,14:33:27.877,2,000,065,082
28/06/2021,14:33:27.901,1,000,067,053
28/06/2021,14:33:27.969,2,000,067,054
28/06/2021,14:33:27.004,1,000,065,044
28/06/2021,14:33:28.060,2,000,065,099
28/06/2021,14:33:28.083,1,000,067,052
28/06/2021,14:33:28.138,2,000,067,066
28/06/2021,14:33:28.188,1,000,065,041
28/06/2021,14:33:28.238,2,000,065,127
28/06/2021,14:33:28.259,1,000,067,054
28/06/2021,14:33:28.303,2,000,067,083
28/06/2021,14:33:28.349,1,000,065,047
28/06/2021,14:33:28.415,2,000,065,069
28/06/2021,14:33:28.436,1,000,067,058
28/06/2021,14:33:28.470,2,000,067,097
28/06/2021,14:33:28.524,1,000,065,058
28/06/2021,14:33:28.584,2,000,065,068
28/06/2021,14:33:28.604,1,000,067,039
28/06/2021,14:33:28.654,2,000,067,123
28/06/2021,14:33:28.699,1,000,065,055
28/06/2021,14:33:28.753,2,000,065,083
28/06/2021,14:33:28.774,1,000,067,050
28/06/2021,14:33:28.818,2,000,067,098
28/06/2021,14:33:28.853,1,000,065,059
28/06/2021,14:33:28.923,2,000,065,073
28/06/2021,14:33:28.943,1,000,067,046
28/06/2021,14:33:28.976,2,000,067,127
28/06/2021,14:33:30.391,1,000,065,044
28/06/2021,14:33:30.481,2,000,065,088
28/06/2021,14:33:30.512,1,000,067,051
28/06/2021,14:33:30.585,2,000,067,061
28/06/2021,14:33:30.650,1,000,065,045
28/06/2021,14:33:30.704,2,000,065,122
28/06/2021,14:33:30.732,1,000,067,059
28/06/2021,14:33:30.785,2,000,067,083
28/06/2021,14:33:30.854,1,000,065,042
28/06/2021,14:33:30.906,2,000,065,121
28/06/2021,14:33:30.933,1,000,067,055
28/06/2021,14:33:30.976,2,000,067,122
28/06/2021,14:33:31.008,1,000,065,046
28/06/2021,14:33:31.087,2,000,065,072
28/06/2021,14:33:31.107,1,000,067,042
28/06/2021,14:33:31.155,2,000,067,127
28/06/2021,14:33:31.193,1,000,065,058
28/06/2021,14:33:31.261,2,000,065,061
28/06/2021,14:33:31.281,1,000,067,041
28/06/2021,14:33:31.343,2,000,067,044
28/06/2021,14:33:31.368,1,000,065,058
28/06/2021,14:33:31.452,2,000,065,084
28/06/2021,14:33:31.471,1,000,067,056
28/06/2021,14:33:31.523,2,000,067,072
28/06/2021,14:33:31.554,1,000,065,055
28/06/2021,14:33:31.619,2,000,065,051
28/06/2021,14:33:31.639,1,000,067,049
28/06/2021,14:33:31.692,2,000,067,085
28/06/2021,14:33:31.723,1,000,065,060
28/06/2021,14:33:31.806,2,000,065,089
28/06/2021,14:33:31.825,1,000,067,053
28/06/2021,14:33:31.867,2,000,067,080
28/06/2021,14:33:31.904,1,000,065,061
28/06/2021,14:33:31.980,2,000,065,082
28/06/2021,14:33:31.999,1,000,067,052
28/06/2021,14:33:32.035,2,000,067,087
28/06/2021,14:33:32.070,1,000,065,068
28/06/2021,14:33:32.149,1,000,067,053
28/06/2021,14:33:32.169,2,000,065,127
28/06/2021,14:33:32.206,2,000,067,073
28/06/2021,14:33:32.246,1,000,065,067
28/06/2021,14:33:32.320,1,000,067,050
28/06/2021,14:33:32.339,2,000,065,115
28/06/2021,14:33:32.369,2,000,067,098
28/06/2021,14:33:32.410,1,000,065,069
28/06/2021,14:33:32.490,1,000,067,052
28/06/2021,14:33:32.509,2,000,065,117
28/06/2021,14:33:32.543,2,000,067,083
28/06/2021,14:33:32.579,1,000,065,069
28/06/2021,14:33:32.663,2,000,065,120
28/06/2021,14:33:32.683,1,000,067,051
28/06/2021,14:33:32.715,2,000,067,111
28/06/2021,14:33:32.752,1,000,065,067
28/06/2021,14:33:32.847,1,000,067,046
28/06/2021,14:33:32.889,2,000,065,114
28/06/2021,14:33:32.910,2,000,067,081
28/06/2021,14:33:32.933,1,000,065,068
28/06/2021,14:33:33.032,2,000,065,127
28/06/2021,14:33:33.051,1,000,067,053
28/06/2021,14:33:33.082,2,000,067,107
28/06/2021,14:33:33.118,1,000,065,064
28/06/2021,14:33:33.207,1,000,067,050
28/06/2021,14:33:33.226,2,000,065,122
28/06/2021,14:33:33.261,2,000,067,087
28/06/2021,14:33:33.296,1,000,065,065
28/06/2021,14:33:33.389,1,000,067,050
28/06/2021,14:33:33.408,2,000,065,110
28/06/2021,14:33:33.442,2,000,067,089
28/06/2021,14:33:33.478,1,000,065,069
28/06/2021,14:33:33.573,1,000,067,056
28/06/2021,14:33:33.597,2,000,065,102
28/06/2021,14:33:33.630,2,000,067,065
28/06/2021,14:33:33.661,1,000,065,062
28/06/2021,14:33:33.765,2,000,065,110
28/06/2021,14:33:33.785,1,000,067,046
28/06/2021,14:33:33.829,2,000,067,065
28/06/2021,14:33:33.864,1,000,065,050
28/06/2021,14:33:33.981,2,000,065,099
28/06/2021,14:33:33.001,1,000,067,059
28/06/2021,14:33:34.040,2,000,067,070
28/06/2021,14:33:34.074,1,000,065,055
28/06/2021,14:33:34.164,1,000,067,046
28/06/2021,14:33:34.185,2,000,065,117
28/06/2021,14:33:34.212,2,000,067,112
28/06/2021,14:33:34.248,1,000,065,075
28/06/2021,14:33:34.346,1,000,067,044
28/06/2021,14:33:34.367,2,000,065,110
28/06/2021,14:33:34.389,2,000,067,127
28/06/2021,14:33:34.427,1,000,065,069
28/06/2021,14:33:34.515,1,000,067,047
28/06/2021,14:33:34.536,2,000,065,121
28/06/2021,14:33:34.566,2,000,067,102
28/06/2021,14:33:34.611,1,000,065,058
28/06/2021,14:33:34.673,1,000,067,038
28/06/2021,14:33:34.694,2,000,065,066
28/06/2021,14:33:34.738,2,000,067,075
28/06/2021,14:33:34.767,1,000,065,070
28/06/2021,14:33:34.866,2,000,065,116
28/06/2021,14:33:34.886,1,000,067,049
28/06/2021,14:33:34.919,2,000,067,102
28/06/2021,14:33:34.951,1,000,065,061
28/06/2021,14:33:35.043,2,000,065,127
28/06/2021,14:33:35.063,1,000,067,052
28/06/2021,14:33:35.111,2,000,067,057
28/06/2021,14:33:35.148,1,000,065,064
28/06/2021,14:33:35.237,2,000,065,117
28/06/2021,14:33:35.257,1,000,067,048
28/06/2021,14:33:35.293,2,000,067,096
28/06/2021,14:33:35.323,1,000,065,065
28/06/2021,14:33:35.412,1,000,067,052
28/06/2021,14:33:35.433,2,000,065,124
28/06/2021,14:33:35.471,2,000,067,066
28/06/2021,14:33:35.512,1,000,065,064
28/06/2021,14:33:35.596,2,000,065,127
28/06/2021,14:33:35.625,1,000,067,053
28/06/2021,14:33:35.684,2,000,067,040
28/06/2021,14:33:35.703,1,000,065,073
28/06/2021,14:33:35.801,1,000,067,057
28/06/2021,14:33:35.821,2,000,065,104
28/06/2021,14:33:35.844,2,000,067,110
28/06/2021,14:33:35.878,1,000,065,075
28/06/2021,14:33:35.968,1,000,067,050
28/06/2021,14:33:35.988,2,000,065,121
28/06/2021,14:33:36.029,2,000,067,058
28/06/2021,14:33:36.069,1,000,065,071
28/06/2021,14:33:36.156,2,000,065,127
28/06/2021,14:33:36.175,1,000,067,061
28/06/2021,14:33:36.214,2,000,067,103
28/06/2021,14:33:36.268,1,000,065,068
28/06/2021,14:33:36.346,2,000,065,117
28/06/2021,14:33:36.366,1,000,067,056
28/06/2021,14:33:36.406,2,000,067,125
28/06/2021,14:33:36.438,1,000,065,076
28/06/2021,14:33:36.531,2,000,065,127
28/06/2021,14:33:36.550,1,000,067,047
28/06/2021,14:33:36.589,2,000,067,116
28/06/2021,14:33:36.634,1,000,065,048
28/06/2021,14:33:36.714,1,000,067,045
28/06/2021,14:33:36.733,2,000,065,112
28/06/2021,14:33:36.765,2,000,067,100
28/06/2021,14:33:36.798,1,000,065,068
28/06/2021,14:33:36.894,2,000,065,127
28/06/2021,14:33:36.915,1,000,067,050
28/06/2021,14:33:36.957,2,000,067,084
28/06/2021,14:33:36.991,1,000,065,059
28/06/2021,14:33:37.081,2,000,065,116
28/06/2021,14:33:37.101,1,000,067,055
28/06/2021,14:33:37.136,2,000,067,112
28/06/2021,14:33:37.179,1,000,065,058
28/06/2021,14:33:37.273,2,000,065,124
28/06/2021,14:33:37.292,1,000,067,052
28/06/2021,14:33:37.327,2,000,067,092
28/06/2021,14:33:37.360,1,000,065,064
28/06/2021,14:33:37.458,2,000,065,124
28/06/2021,14:33:37.479,1,000,067,052
28/06/2021,14:33:37.527,2,000,067,061
28/06/2021,14:33:37.549,1,000,065,057
28/06/2021,14:33:37.651,2,000,065,111
28/06/2021,14:33:37.671,1,000,067,051
28/06/2021,14:33:37.702,2,000,067,110
28/06/2021,14:33:37.735,1,000,065,064
28/06/2021,14:33:37.836,2,000,065,116
28/06/2021,14:33:37.860,1,000,067,048
28/06/2021,14:33:37.899,2,000,067,073
28/06/2021,14:33:37.934,1,000,065,061
28/06/2021,14:33:38.033,2,000,065,127
28/06/2021,14:33:38.053,1,000,067,059
28/06/2021,14:33:38.100,2,000,067,065
28/06/2021,14:33:38.135,1,000,065,062
28/06/2021,14:33:38.222,2,000,065,121
28/06/2021,14:33:38.243,1,000,067,049
28/06/2021,14:33:38.288,2,000,067,074
28/06/2021,14:33:38.331,1,000,065,064
28/06/2021,14:33:38.416,2,000,065,116
28/06/2021,14:33:38.436,1,000,067,053
28/06/2021,14:33:38.492,2,000,067,119
28/06/2021,14:33:38.524,1,000,065,058
28/06/2021,14:33:38.605,2,000,065,104
28/06/2021,14:33:38.626,1,000,067,043
28/06/2021,14:33:38.671,2,000,067,091
28/06/2021,14:33:38.712,1,000,065,061
28/06/2021,14:33:38.800,2,000,065,127
28/06/2021,14:33:38.820,1,000,067,062
28/06/2021,14:33:38.864,2,000,067,098
28/06/2021,14:33:38.910,1,000,065,063
28/06/2021,14:33:38.998,2,000,065,113
28/06/2021,14:33:39.019,1,000,067,054
28/06/2021,14:33:39.052,2,000,067,087
28/06/2021,14:33:39.100,1,000,065,059
28/06/2021,14:33:39.196,2,000,065,126
28/06/2021,14:33:39.217,1,000,067,051
28/06/2021,14:33:39.260,2,000,067,103
28/06/2021,14:33:39.288,1,000,065,061
28/06/2021,14:33:39.397,2,000,065,127
28/06/2021,14:33:39.416,1,000,067,055
28/06/2021,14:33:39.456,2,000,067,093
28/06/2021,14:33:39.494,1,000,065,057
28/06/2021,14:33:39.609,2,000,065,095
28/06/2021,14:33:39.628,1,000,067,047
28/06/2021,14:33:39.669,2,000,067,094
28/06/2021,14:33:39.708,1,000,065,044
28/06/2021,14:33:39.827,1,000,067,056
28/06/2021,14:33:39.846,2,000,065,103
28/06/2021,14:33:39.881,2,000,067,075
28/06/2021,14:33:39.928,1,000,065,058
28/06/2021,14:33:40.022,2,000,065,127
28/06/2021,14:33:40.043,1,000,067,060
28/06/2021,14:33:40.077,2,000,067,096
28/06/2021,14:33:40.128,1,000,065,055
28/06/2021,14:33:40.209,1,000,067,058
28/06/2021,14:33:40.228,2,000,065,127
28/06/2021,14:33:40.271,2,000,067,051
28/06/2021,14:33:40.316,1,000,065,063
28/06/2021,14:33:40.406,2,000,065,106
28/06/2021,14:33:40.430,1,000,067,038
28/06/2021,14:33:40.480,2,000,067,076
28/06/2021,14:33:40.500,1,000,065,060
28/06/2021,14:33:40.615,2,000,065,100
28/06/2021,14:33:40.635,1,000,067,057
28/06/2021,14:33:40.694,2,000,067,037
28/06/2021,14:33:40.726,1,000,065,060
28/06/2021,14:33:40.830,2,000,065,127
28/06/2021,14:33:40.851,1,000,067,062
28/06/2021,14:33:40.903,2,000,067,039
28/06/2021,14:33:40.936,1,000,065,057
28/06/2021,14:33:41.036,2,000,065,127
28/06/2021,14:33:41.057,1,000,067,049
28/06/2021,14:33:41.140,2,000,067,112
28/06/2021,14:33:41.163,1,000,065,054
28/06/2021,14:33:41.257,2,000,065,121
28/06/2021,14:33:41.278,1,000,067,063
28/06/2021,14:33:41.336,2,000,067,037
28/06/2021,14:33:41.360,1,000,065,052
28/06/2021,14:33:41.465,2,000,065,126
28/06/2021,14:33:41.485,1,000,067,062
28/06/2021,14:33:41.526,2,000,067,073
28/06/2021,14:33:41.556,1,000,065,059
28/06/2021,14:33:41.666,2,000,065,108
28/06/2021,14:33:41.686,1,000,067,055
28/06/2021,14:33:41.743,2,000,067,051
28/06/2021,14:33:41.763,1,000,065,063
28/06/2021,14:33:41.866,2,000,065,110
28/06/2021,14:33:41.886,1,000,067,056
28/06/2021,14:33:41.937,2,000,067,055
28/06/2021,14:33:41.966,1,000,065,062
28/06/2021,14:33:42.063,2,000,065,127
28/06/2021,14:33:42.084,1,000,067,056
28/06/2021,14:33:42.134,2,000,067,052
28/06/2021,14:33:42.154,1,000,065,068
28/06/2021,14:33:42.251,2,000,065,127
28/06/2021,14:33:42.270,1,000,067,048
28/06/2021,14:33:42.317,2,000,067,087
28/06/2021,14:33:42.338,1,000,065,065
28/06/2021,14:33:42.438,2,000,065,127
28/06/2021,14:33:42.470,1,000,067,057
28/06/2021,14:33:42.500,2,000,067,094
28/06/2021,14:33:42.541,1,000,065,050
28/06/2021,14:33:42.647,1,000,067,045
28/06/2021,14:33:42.667,2,000,065,102
28/06/2021,14:33:42.735,2,000,067,063
28/06/2021,14:33:42.754,1,000,065,056
28/06/2021,14:33:42.850,1,000,067,057
28/06/2021,14:33:42.869,2,000,065,120
28/06/2021,14:33:42.975,2,000,067,099
28/06/2021,14:33:42.995,1,000,065,050
28/06/2021,14:33:43.083,1,000,067,052
28/06/2021,14:33:43.104,2,000,065,092
28/06/2021,14:33:43.166,2,000,067,029
28/06/2021,14:33:43.190,1,000,065,063
28/06/2021,14:33:43.290,1,000,067,051
28/06/2021,14:33:43.310,2,000,065,116
28/06/2021,14:33:43.410,1,000,065,048
28/06/2021,14:33:43.429,2,000,067,127
28/06/2021,14:33:43.569,1,000,067,042
28/06/2021,14:33:43.589,2,000,065,092
28/06/2021,14:33:43.672,1,000,065,058
28/06/2021,14:33:43.694,2,000,067,106
28/06/2021,14:33:43.779,2,000,065,115
28/06/2021,14:33:43.800,1,000,067,054
28/06/2021,14:33:43.872,2,000,067,098
28/06/2021,14:33:43.895,1,000,065,063
28/06/2021,14:33:43.983,2,000,065,125
28/06/2021,14:33:43.003,1,000,067,053
28/06/2021,14:33:44.063,2,000,067,040
28/06/2021,14:33:44.083,1,000,065,063
28/06/2021,14:33:44.172,2,000,065,127
28/06/2021,14:33:44.192,1,000,067,060
28/06/2021,14:33:44.255,2,000,067,039
28/06/2021,14:33:44.275,1,000,065,058
28/06/2021,14:33:44.369,2,000,065,127
28/06/2021,14:33:44.389,1,000,067,057
28/06/2021,14:33:44.443,2,000,067,045
28/06/2021,14:33:44.464,1,000,065,064
28/06/2021,14:33:44.570,2,000,065,092
28/06/2021,14:33:44.592,1,000,067,056
28/06/2021,14:33:44.641,2,000,067,098
28/06/2021,14:33:44.661,1,000,065,060
28/06/2021,14:33:44.770,2,000,065,111
28/06/2021,14:33:44.810,1,000,067,055
28/06/2021,14:33:44.877,1,000,065,055
28/06/2021,14:33:44.898,2,000,067,127
28/06/2021,14:33:44.979,2,000,065,116
28/06/2021,14:33:44.998,1,000,067,062
28/06/2021,14:33:45.087,2,000,067,105
28/06/2021,14:33:45.108,1,000,065,054
28/06/2021,14:33:45.212,1,000,067,045
28/06/2021,14:33:45.236,2,000,065,083
28/06/2021,14:33:45.283,2,000,067,051
28/06/2021,14:33:45.303,1,000,065,061
28/06/2021,14:33:45.403,2,000,065,127
28/06/2021,14:33:45.423,1,000,067,054
28/06/2021,14:33:45.498,2,000,067,030
28/06/2021,14:33:45.518,1,000,065,058
28/06/2021,14:33:45.612,2,000,065,127
28/06/2021,14:33:45.632,1,000,067,053
28/06/2021,14:33:45.727,1,000,065,050
28/06/2021,14:33:45.747,2,000,067,119
28/06/2021,14:33:45.849,2,000,065,099
28/06/2021,14:33:45.869,1,000,067,045
28/06/2021,14:33:45.993,2,000,067,115
28/06/2021,14:33:46.014,1,000,065,035
28/06/2021,14:33:46.128,1,000,067,048
28/06/2021,14:33:46.148,2,000,065,074
28/06/2021,14:33:46.235,2,000,067,050
28/06/2021,14:33:46.256,1,000,065,054
28/06/2021,14:33:46.330,1,000,067,061
28/06/2021,14:33:46.356,2,000,065,100
28/06/2021,14:33:46.448,2,000,067,074
28/06/2021,14:33:46.467,1,000,065,049
28/06/2021,14:33:46.552,1,000,067,030
28/06/2021,14:33:46.573,2,000,065,087
28/06/2021,14:33:46.661,2,000,067,127
28/06/2021,14:33:46.681,1,000,065,049
28/06/2021,14:33:46.753,1,000,067,059
28/06/2021,14:33:46.773,2,000,065,107
28/06/2021,14:33:46.847,2,000,067,119
28/06/2021,14:33:46.867,1,000,065,059
28/06/2021,14:33:46.957,1,000,067,051
28/06/2021,14:33:46.976,2,000,065,116
28/06/2021,14:33:46.004,2,000,067,103
28/06/2021,14:33:47.045,1,000,065,062
28/06/2021,14:33:47.143,2,000,065,115
28/06/2021,14:33:47.163,1,000,067,055
28/06/2021,14:33:47.228,2,000,067,031
28/06/2021,14:33:47.259,1,000,065,045
28/06/2021,14:33:47.355,1,000,067,038
28/06/2021,14:33:47.379,2,000,065,097
28/06/2021,14:33:47.475,2,000,067,123
28/06/2021,14:33:47.496,1,000,065,047
28/06/2021,14:33:47.597,1,000,067,052
28/06/2021,14:33:47.616,2,000,065,115
28/06/2021,14:33:47.691,2,000,067,025
28/06/2021,14:33:47.721,1,000,065,042
28/06/2021,14:33:47.844,1,000,067,040
28/06/2021,14:33:47.863,2,000,065,097
28/06/2021,14:33:47.968,2,000,067,127
28/06/2021,14:33:47.988,1,000,065,052
28/06/2021,14:33:48.092,1,000,067,061
28/06/2021,14:33:48.122,2,000,065,081
28/06/2021,14:33:48.189,2,000,067,127
28/06/2021,14:33:48.209,1,000,065,051
28/06/2021,14:33:48.316,1,000,067,060
28/06/2021,14:33:48.335,2,000,065,103
28/06/2021,14:33:48.402,2,000,067,086
28/06/2021,14:33:48.422,1,000,065,054
28/06/2021,14:33:48.521,1,000,067,055
28/06/2021,14:33:48.541,2,000,065,107
28/06/2021,14:33:48.609,2,000,067,027
28/06/2021,14:33:48.629,1,000,065,051
28/06/2021,14:33:48.737,2,000,065,117
28/06/2021,14:33:48.756,1,000,067,050
28/06/2021,14:33:48.838,2,000,067,127
28/06/2021,14:33:48.862,1,000,065,049
28/06/2021,14:33:48.974,1,000,067,066
28/06/2021,14:33:48.994,2,000,065,083
28/06/2021,14:33:49.081,2,000,067,123
28/06/2021,14:33:49.101,1,000,065,058
28/06/2021,14:33:49.204,1,000,067,057
28/06/2021,14:33:49.223,2,000,065,122
28/06/2021,14:33:49.286,2,000,067,025
28/06/2021,14:33:49.314,1,000,065,054
28/06/2021,14:33:49.418,2,000,065,121
28/06/2021,14:33:49.438,1,000,067,052
28/06/2021,14:33:49.499,2,000,067,038
28/06/2021,14:33:49.523,1,000,065,053
28/06/2021,14:33:49.630,2,000,065,121
28/06/2021,14:33:49.649,1,000,067,055
28/06/2021,14:33:49.704,2,000,067,054
28/06/2021,14:33:49.736,1,000,065,054
28/06/2021,14:33:49.846,2,000,065,110
28/06/2021,14:33:49.865,1,000,067,054
28/06/2021,14:33:49.913,2,000,067,053
28/06/2021,14:33:49.944,1,000,065,054
28/06/2021,14:33:50.048,2,000,065,120
28/06/2021,14:33:50.069,1,000,067,054
28/06/2021,14:33:50.110,2,000,067,083
28/06/2021,14:33:50.150,1,000,065,057
28/06/2021,14:33:50.257,2,000,065,105
28/06/2021,14:33:50.281,1,000,067,049
28/06/2021,14:33:50.318,2,000,067,106
28/06/2021,14:33:50.343,1,000,065,061
28/06/2021,14:33:50.455,2,000,065,103
28/06/2021,14:33:50.474,1,000,067,059
28/06/2021,14:33:50.542,2,000,067,040
28/06/2021,14:33:50.575,1,000,065,052
28/06/2021,14:33:50.687,2,000,065,113
28/06/2021,14:33:50.707,1,000,067,063
28/06/2021,14:33:50.791,2,000,067,025
28/06/2021,14:33:50.811,1,000,065,054
28/06/2021,14:33:50.917,2,000,065,115
28/06/2021,14:33:50.937,1,000,067,054
28/06/2021,14:33:50.973,2,000,067,087
28/06/2021,14:33:50.002,1,000,065,063
28/06/2021,14:33:51.114,2,000,065,103
28/06/2021,14:33:51.134,1,000,067,060
28/06/2021,14:33:51.186,2,000,067,058
28/06/2021,14:33:51.216,1,000,065,052
28/06/2021,14:33:51.331,2,000,065,098
28/06/2021,14:33:51.362,1,000,067,050
28/06/2021,14:33:51.409,2,000,067,065
28/06/2021,14:33:51.430,1,000,065,061
28/06/2021,14:33:51.527,2,000,065,078
28/06/2021,14:33:51.561,1,000,067,060
28/06/2021,14:33:51.607,2,000,067,098
28/06/2021,14:33:51.645,1,000,065,047
28/06/2021,14:33:51.749,2,000,065,126
28/06/2021,14:33:51.770,1,000,067,060
28/06/2021,14:33:51.824,2,000,067,044
28/06/2021,14:33:51.852,1,000,065,049
28/06/2021,14:33:51.957,2,000,065,120
28/06/2021,14:33:51.984,1,000,067,046
28/06/2021,14:33:52.056,2,000,067,060
28/06/2021,14:33:52.076,1,000,065,058
28/06/2021,14:33:52.169,2,000,065,096
28/06/2021,14:33:52.195,1,000,067,061
28/06/2021,14:33:52.290,2,000,067,050
28/06/2021,14:33:52.310,1,000,065,046
28/06/2021,14:33:52.422,2,000,065,102
28/06/2021,14:33:52.446,1,000,067,049
28/06/2021,14:33:52.537,2,000,067,078
28/06/2021,14:33:52.557,1,000,065,062
28/06/2021,14:33:52.636,2,000,065,050
28/06/2021,14:33:52.657,1,000,067,046
28/06/2021,14:33:52.735,2,000,067,075
28/06/2021,14:33:52.756,1,000,065,063
28/06/2021,14:33:52.838,2,000,065,108
28/06/2021,14:33:52.857,1,000,067,054
28/06/2021,14:33:52.949,2,000,067,038
28/06/2021,14:33:52.970,1,000,065,047
28/06/2021,14:33:53.086,1,000,067,048
28/06/2021,14:33:53.106,2,000,065,082
28/06/2021,14:33:53.204,2,000,067,092
28/06/2021,14:33:53.225,1,000,065,046
28/06/2021,14:33:53.334,1,000,067,062
28/06/2021,14:33:53.354,2,000,065,092
28/06/2021,14:33:53.436,2,000,067,056
28/06/2021,14:33:53.464,1,000,065,052
28/06/2021,14:33:53.564,2,000,065,127
28/06/2021,14:33:53.584,1,000,067,050
28/06/2021,14:33:53.659,2,000,067,036
28/06/2021,14:33:53.680,1,000,065,048
28/06/2021,14:33:53.780,2,000,065,105
28/06/2021,14:33:53.800,1,000,067,034
28/06/2021,14:33:53.838,2,000,067,094
28/06/2021,14:33:53.871,1,000,065,060
28/06/2021,14:33:53.948,1,000,067,042
28/06/2021,14:33:53.968,2,000,065,099
28/06/2021,14:33:54.072,2,000,067,103
28/06/2021,14:33:54.091,1,000,065,047
28/06/2021,14:33:54.212,1,000,067,046
28/06/2021,14:33:54.232,2,000,065,092
28/06/2021,14:33:54.264,2,000,067,097
28/06/2021,14:33:54.323,1,000,065,047
28/06/2021,14:33:54.483,2,000,065,094
28/06/2021,14:34:02.635,1,000,053,035
28/06/2021,14:34:02.703,1,000,055,052
28/06/2021,14:34:02.723,2,000,053,071
28/06/2021,14:34:02.818,2,000,055,115
28/06/2021,14:34:02.847,1,000,053,058
28/06/2021,14:34:02.901,2,000,053,096
28/06/2021,14:34:02.923,1,000,055,064
28/06/2021,14:34:03.019,2,000,055,127
28/06/2021,14:34:03.040,1,000,053,054
28/06/2021,14:34:03.115,2,000,053,127
28/06/2021,14:34:03.134,1,000,055,065
28/06/2021,14:34:03.209,2,000,055,094
28/06/2021,14:34:03.231,1,000,053,068
28/06/2021,14:34:03.307,2,000,053,115
28/06/2021,14:34:03.327,1,000,055,063
28/06/2021,14:34:03.417,2,000,055,072
28/06/2021,14:34:03.440,1,000,053,061
28/06/2021,14:34:03.527,1,000,055,073
28/06/2021,14:34:03.547,2,000,053,127
28/06/2021,14:34:03.624,2,000,055,094
28/06/2021,14:34:03.644,1,000,053,069
28/06/2021,14:34:03.719,2,000,053,127
28/06/2021,14:34:03.739,1,000,055,063
28/06/2021,14:34:03.836,2,000,055,103
28/06/2021,14:34:03.855,1,000,053,067
28/06/2021,14:34:03.938,2,000,053,127
28/06/2021,14:34:03.958,1,000,055,069
28/06/2021,14:34:04.051,2,000,055,085
28/06/2021,14:34:04.070,1,000,053,065
28/06/2021,14:34:04.151,2,000,053,127
28/06/2021,14:34:04.171,1,000,055,073
28/06/2021,14:34:04.255,2,000,055,097
28/06/2021,14:34:04.275,1,000,053,065
28/06/2021,14:34:04.352,2,000,053,125
28/06/2021,14:34:04.371,1,000,055,056
28/06/2021,14:34:04.467,1,000,053,066
28/06/2021,14:34:04.487,2,000,055,127
28/06/2021,14:34:04.564,2,000,053,127
28/06/2021,14:34:04.583,1,000,055,080
28/06/2021,14:34:04.663,2,000,055,084
28/06/2021,14:34:04.690,1,000,053,069
28/06/2021,14:34:04.769,2,000,053,127
28/06/2021,14:34:04.793,1,000,055,053
28/06/2021,14:34:04.883,1,000,053,073
28/06/2021,14:34:04.903,2,000,055,127
28/06/2021,14:34:04.991,2,000,053,101
28/06/2021,14:34:05.011,1,000,055,071
28/06/2021,14:34:05.096,2,000,055,098
28/06/2021,14:34:05.116,1,000,053,067
28/06/2021,14:34:05.197,2,000,053,127
28/06/2021,14:34:05.217,1,000,055,067
28/06/2021,14:34:05.313,2,000,055,094
28/06/2021,14:34:05.333,1,000,053,064
28/06/2021,14:34:05.397,2,000,053,127
28/06/2021,14:34:05.418,1,000,055,062
28/06/2021,14:34:05.515,2,000,055,127
28/06/2021,14:34:05.535,1,000,053,073
28/06/2021,14:34:05.621,2,000,053,117
28/06/2021,14:34:05.642,1,000,055,077
28/06/2021,14:34:05.730,2,000,055,097
28/06/2021,14:34:05.749,1,000,053,068
28/06/2021,14:34:05.834,2,000,053,127
28/06/2021,14:34:05.855,1,000,055,071
28/06/2021,14:34:05.953,2,000,055,088
28/06/2021,14:34:05.973,1,000,053,067
28/06/2021,14:34:06.064,1,000,055,072
28/06/2021,14:34:06.116,2,000,053,119
28/06/2021,14:34:06.178,2,000,055,055
28/06/2021,14:34:06.199,1,000,053,062
28/06/2021,14:34:06.282,1,000,055,064
28/06/2021,14:34:06.302,2,000,053,127
28/06/2021,14:34:06.408,1,000,053,058
28/06/2021,14:34:06.427,2,000,055,123
28/06/2021,14:34:06.508,1,000,055,061
28/06/2021,14:34:06.529,2,000,053,122
28/06/2021,14:34:06.631,1,000,053,064
28/06/2021,14:34:06.652,2,000,055,109
28/06/2021,14:34:06.714,2,000,053,127
28/06/2021,14:34:06.734,1,000,055,082
28/06/2021,14:34:06.847,2,000,055,119
28/06/2021,14:34:06.868,1,000,053,072
28/06/2021,14:34:06.935,2,000,053,127
28/06/2021,14:34:06.959,1,000,055,074
28/06/2021,14:34:07.055,1,000,053,067
28/06/2021,14:34:07.074,2,000,055,105
28/06/2021,14:34:07.136,2,000,053,127
28/06/2021,14:34:07.156,1,000,055,073
28/06/2021,14:34:07.261,2,000,055,097
28/06/2021,14:34:07.280,1,000,053,063
28/06/2021,14:34:07.367,1,000,055,071
28/06/2021,14:34:07.388,2,000,053,127
28/06/2021,14:34:07.491,2,000,055,085
28/06/2021,14:34:07.511,1,000,053,072
28/06/2021,14:34:07.596,2,000,053,127
28/06/2021,14:34:07.616,1,000,055,073
28/06/2021,14:34:07.716,2,000,055,072
28/06/2021,14:34:07.736,1,000,053,058
28/06/2021,14:34:07.841,1,000,055,067
28/06/2021,14:34:07.862,2,000,053,094
28/06/2021,14:34:07.978,1,000,053,070
28/06/2021,14:34:07.998,2,000,055,127
28/06/2021,14:34:08.084,1,000,055,080
28/06/2021,14:34:08.104,2,000,053,127
28/06/2021,14:34:08.169,2,000,055,125
28/06/2021,14:34:08.210,1,000,053,074
28/06/2021,14:34:08.295,1,000,055,051
28/06/2021,14:34:08.315,2,000,053,127
28/06/2021,14:34:08.425,2,000,055,127
28/06/2021,14:34:08.448,1,000,053,067
28/06/2021,14:34:08.535,1,000,055,075
28/06/2021,14:34:08.554,2,000,053,127
28/06/2021,14:34:08.641,2,000,055,049
28/06/2021,14:34:08.671,1,000,053,074
28/06/2021,14:34:08.763,2,000,053,127
28/06/2021,14:34:08.784,1,000,055,087
28/06/2021,14:34:08.893,2,000,055,052
28/06/2021,14:34:08.913,1,000,053,077
28/06/2021,14:34:08.982,2,000,053,127
28/06/2021,14:34:08.002,1,000,055,065
28/06/2021,14:34:09.111,1,000,053,072
28/06/2021,14:34:09.132,2,000,055,100
28/06/2021,14:34:09.218,2,000,053,097
28/06/2021,14:34:09.238,1,000,055,070
28/06/2021,14:34:09.351,2,000,055,071
28/06/2021,14:34:09.370,1,000,053,064
28/06/2021,14:34:09.458,1,000,055,066
28/06/2021,14:34:09.512,2,000,053,109
28/06/2021,14:34:09.549,2,000,055,089
28/06/2021,14:34:09.599,1,000,053,069
28/06/2021,14:34:09.688,2,000,053,122
28/06/2021,14:34:09.707,1,000,055,029
28/06/2021,14:34:09.831,2,000,055,127
28/06/2021,14:34:09.858,1,000,053,030
28/06/2021,14:34:09.878,1,000,052,034
28/06/2021,14:34:09.922,2,000,052,061
28/06/2021,14:34:09.945,1,000,055,069
28/06/2021,14:34:09.986,2,000,053,094
28/06/2021,14:34:10.058,1,000,053,065
28/06/2021,14:34:10.079,2,000,055,087
28/06/2021,14:34:10.145,2,000,053,127
28/06/2021,14:34:10.165,1,000,055,065
28/06/2021,14:34:10.275,2,000,055,123
28/06/2021,14:34:10.295,1,000,053,063
28/06/2021,14:34:10.396,2,000,053,096
28/06/2021,14:34:10.416,1,000,055,071
28/06/2021,14:34:10.534,2,000,055,069
28/06/2021,14:34:10.553,1,000,053,069
28/06/2021,14:34:10.653,2,000,053,127
28/06/2021,14:34:10.673,1,000,055,070
28/06/2021,14:34:10.772,2,000,055,076
28/06/2021,14:34:10.793,1,000,053,072
28/06/2021,14:34:10.904,1,000,055,073
28/06/2021,14:34:10.924,2,000,053,105
28/06/2021,14:34:10.999,2,000,055,060
28/06/2021,14:34:11.059,1,000,053,071
28/06/2021,14:34:11.186,1,000,055,061
28/06/2021,14:34:11.206,2,000,053,092
28/06/2021,14:34:11.310,2,000,055,081
28/06/2021,14:34:11.338,1,000,053,067
28/06/2021,14:34:11.458,2,000,053,098
28/06/2021,14:34:11.478,1,000,055,060
28/06/2021,14:34:11.581,2,000,055,082
28/06/2021,14:34:11.614,1,000,053,067
28/06/2021,14:34:11.730,2,000,053,100
28/06/2021,14:34:11.749,1,000,055,053
28/06/2021,14:34:11.856,2,000,055,110
28/06/2021,14:34:11.881,1,000,053,060
28/06/2021,14:34:12.020,1,000,055,049
28/06/2021,14:34:12.041,2,000,053,098
28/06/2021,14:34:12.142,2,000,055,105
28/06/2021,14:34:12.163,1,000,053,053
28/06/2021,14:34:12.264,1,000,055,059
28/06/2021,14:34:12.284,2,000,053,097
28/06/2021,14:34:12.366,2,000,055,083
28/06/2021,14:34:12.401,1,000,053,063
28/06/2021,14:34:12.531,1,000,055,061
28/06/2021,14:34:12.551,2,000,053,120
28/06/2021,14:34:12.656,2,000,055,070
28/06/2021,14:34:12.676,1,000,053,058
28/06/2021,14:34:12.779,2,000,053,116
28/06/2021,14:34:12.799,1,000,055,067
28/06/2021,14:34:12.896,2,000,055,090
28/06/2021,14:34:12.917,1,000,053,054
28/06/2021,14:34:13.031,1,000,055,059
28/06/2021,14:34:13.051,2,000,053,108
28/06/2021,14:34:13.166,2,000,055,127
28/06/2021,14:34:13.186,1,000,053,062
28/06/2021,14:34:13.272,2,000,053,127
28/06/2021,14:34:13.325,1,000,055,067
28/06/2021,14:34:13.407,2,000,055,111
28/06/2021,14:34:13.426,1,000,053,064
28/06/2021,14:34:13.522,1,000,055,067
28/06/2021,14:34:13.542,2,000,053,118
28/06/2021,14:34:13.639,2,000,055,078
28/06/2021,14:34:13.660,1,000,053,058
28/06/2021,14:34:13.769,1,000,055,057
28/06/2021,14:34:13.790,2,000,053,122
28/06/2021,14:34:13.922,1,000,053,068
28/06/2021,14:34:13.942,2,000,055,080
28/06/2021,14:34:14.038,1,000,055,061
28/06/2021,14:34:14.070,2,000,053,127
28/06/2021,14:34:14.182,1,000,053,056
28/06/2021,14:34:14.201,2,000,055,110
28/06/2021,14:34:14.292,2,000,053,127
28/06/2021,14:34:14.312,1,000,055,041
28/06/2021,14:34:14.444,1,000,053,045
28/06/2021,14:34:14.465,2,000,055,095
28/06/2021,14:34:14.552,1,000,055,061
28/06/2021,14:34:14.571,2,000,053,127
28/06/2021,14:34:14.680,2,000,055,089
28/06/2021,14:34:14.699,1,000,053,069
28/06/2021,14:34:14.786,2,000,053,127
28/06/2021,14:34:14.807,1,000,055,069
28/06/2021,14:34:14.907,2,000,055,075
28/06/2021,14:34:14.926,1,000,053,073
28/06/2021,14:34:15.025,1,000,055,073
28/06/2021,14:34:15.044,2,000,053,127
28/06/2021,14:34:15.159,2,000,055,036
28/06/2021,14:34:15.178,1,000,053,066
28/06/2021,14:34:15.303,1,000,055,063
28/06/2021,14:34:15.323,2,000,053,119
28/06/2021,14:34:15.472,1,000,053,058
28/06/2021,14:34:15.493,2,000,055,127
28/06/2021,14:34:15.593,1,000,055,058
28/06/2021,14:34:15.613,2,000,053,084
28/06/2021,14:34:15.730,1,000,053,064
28/06/2021,14:34:15.754,2,000,055,112
28/06/2021,14:34:15.863,2,000,053,067
28/06/2021,14:34:15.883,1,000,055,062
28/06/2021,14:34:15.979,2,000,055,056
28/06/2021,14:34:15.000,1,000,053,064
28/06/2021,14:34:16.119,2,000,053,093
28/06/2021,14:34:16.140,1,000,055,067
28/06/2021,14:34:16.249,2,000,055,066
28/06/2021,14:34:16.270,1,000,053,067
28/06/2021,14:34:16.381,1,000,055,054
28/06/2021,14:34:16.401,2,000,053,077
28/06/2021,14:34:16.524,1,000,053,063
28/06/2021,14:34:16.544,2,000,055,127
28/06/2021,14:34:16.641,1,000,055,067
28/06/2021,14:34:16.661,2,000,053,093
28/06/2021,14:34:16.772,2,000,055,031
28/06/2021,14:34:16.792,1,000,053,065
28/06/2021,14:34:16.898,1,000,055,066
28/06/2021,14:34:16.918,2,000,053,127
28/06/2021,14:34:17.036,1,000,053,072
28/06/2021,14:34:17.056,2,000,055,114
28/06/2021,14:34:17.166,1,000,055,061
28/06/2021,14:34:17.197,2,000,053,114
28/06/2021,14:34:17.314,1,000,053,069
28/06/2021,14:34:17.334,2,000,055,119
28/06/2021,14:34:17.427,2,000,053,120
28/06/2021,14:34:17.451,1,000,055,062
28/06/2021,14:34:17.569,1,000,053,070
28/06/2021,14:34:17.589,2,000,055,127
28/06/2021,14:34:17.692,1,000,055,060
28/06/2021,14:34:17.712,2,000,053,113
28/06/2021,14:34:17.851,1,000,053,058
28/06/2021,14:34:17.875,2,000,055,109
28/06/2021,14:34:17.964,1,000,055,054
28/06/2021,14:34:17.983,2,000,053,094
28/06/2021,14:34:18.107,1,000,053,058
28/06/2021,14:34:18.140,2,000,055,078
28/06/2021,14:34:18.249,1,000,055,056
28/06/2021,14:34:18.270,2,000,053,124
28/06/2021,14:34:18.375,1,000,053,060
28/06/2021,14:34:18.401,2,000,055,099
28/06/2021,14:34:18.490,1,000,055,059
28/06/2021,14:34:18.509,2,000,053,100
28/06/2021,14:34:18.647,1,000,053,067
28/06/2021,14:34:18.672,2,000,055,103
28/06/2021,14:34:18.758,1,000,055,062
28/06/2021,14:34:18.779,2,000,053,116
28/06/2021,14:34:18.886,1,000,053,061
28/06/2021,14:34:18.906,2,000,055,103
28/06/2021,14:34:18.987,2,000,053,127
28/06/2021,14:34:19.007,1,000,055,058
28/06/2021,14:34:19.127,1,000,053,054
28/06/2021,14:34:19.148,2,000,055,092
28/06/2021,14:34:19.258,1,000,055,038
28/06/2021,14:34:19.277,2,000,053,127
28/06/2021,14:34:19.408,1,000,053,060
28/06/2021,14:34:19.439,2,000,055,116
28/06/2021,14:34:19.525,2,000,053,114
28/06/2021,14:34:19.545,1,000,055,060
28/06/2021,14:34:19.650,1,000,053,054
28/06/2021,14:34:19.670,2,000,055,107
28/06/2021,14:34:19.773,2,000,053,127
28/06/2021,14:34:19.794,1,000,055,062
28/06/2021,14:34:19.914,2,000,055,127
28/06/2021,14:34:19.935,1,000,053,068
28/06/2021,14:34:20.024,2,000,053,122
28/06/2021,14:34:20.046,1,000,055,060
28/06/2021,14:34:20.167,1,000,053,074
28/06/2021,14:34:20.188,2,000,055,025
28/06/2021,14:34:20.278,2,000,053,109
28/06/2021,14:34:20.297,1,000,055,063
28/06/2021,14:34:20.444,1,000,053,066
28/06/2021,14:34:20.464,2,000,055,126
28/06/2021,14:34:20.552,1,000,055,061
28/06/2021,14:34:20.573,2,000,053,109
28/06/2021,14:34:20.660,2,000,055,046
28/06/2021,14:34:20.691,1,000,053,071
28/06/2021,14:34:20.821,2,000,053,127
28/06/2021,14:34:20.840,1,000,055,068
28/06/2021,14:34:20.955,2,000,055,064
28/06/2021,14:34:20.975,1,000,053,076
28/06/2021,14:34:21.076,1,000,055,060
28/06/2021,14:34:21.106,2,000,053,123
28/06/2021,14:34:21.228,1,000,053,059
28/06/2021,14:34:21.249,2,000,055,103
28/06/2021,14:34:21.352,1,000,055,049
28/06/2021,14:34:21.373,2,000,053,096
28/06/2021,14:34:21.521,1,000,053,069
28/06/2021,14:34:21.540,2,000,055,095
28/06/2021,14:34:21.628,1,000,055,057
28/06/2021,14:34:21.648,2,000,053,097
28/06/2021,14:34:21.767,1,000,053,064
28/06/2021,14:34:21.790,2,000,055,122
28/06/2021,14:34:21.903,1,000,055,060
28/06/2021,14:34:21.923,2,000,053,122
28/06/2021,14:34:22.045,2,000,055,110
28/06/2021,14:34:22.065,1,000,053,073
28/06/2021,14:34:22.172,1,000,055,060
28/06/2021,14:34:22.192,2,000,053,106
28/06/2021,14:34:22.315,1,000,053,066
28/06/2021,14:34:22.335,2,000,055,127
28/06/2021,14:34:22.429,1,000,055,060
28/06/2021,14:34:22.450,2,000,053,087
28/06/2021,14:34:22.570,1,000,053,063
28/06/2021,14:34:22.589,2,000,055,121
28/06/2021,14:34:22.697,1,000,055,059
28/06/2021,14:34:22.717,2,000,053,093
28/06/2021,14:34:22.860,1,000,053,054
28/06/2021,14:34:22.881,2,000,055,110
28/06/2021,14:34:22.978,1,000,055,042
28/06/2021,14:34:23.008,2,000,053,124
28/06/2021,14:34:23.164,1,000,053,049
28/06/2021,14:34:23.184,2,000,055,100
28/06/2021,14:34:23.301,1,000,055,050
28/06/2021,14:34:23.320,2,000,053,120
28/06/2021,14:34:23.443,1,000,053,052
28/06/2021,14:34:23.464,2,000,055,119
28/06/2021,14:34:23.560,1,000,055,062
28/06/2021,14:34:23.583,2,000,053,122
28/06/2021,14:34:23.701,1,000,053,073
28/06/2021,14:34:23.721,2,000,055,083
28/06/2021,14:34:23.832,1,000,055,068
28/06/2021,14:34:23.853,2,000,053,096
28/06/2021,14:34:23.975,1,000,053,057
28/06/2021,14:34:23.995,2,000,055,117
28/06/2021,14:34:24.092,1,000,055,061
28/06/2021,14:34:24.112,2,000,053,122
28/06/2021,14:34:24.246,1,000,053,062
28/06/2021,14:34:24.265,2,000,055,120
28/06/2021,14:34:24.384,1,000,055,050
28/06/2021,14:34:24.404,2,000,053,111
28/06/2021,14:34:24.557,1,000,053,048
28/06/2021,14:34:24.578,2,000,055,085
28/06/2021,14:34:24.694,1,000,055,035
28/06/2021,14:34:24.714,2,000,053,113
28/06/2021,14:34:24.851,1,000,053,049
28/06/2021,14:34:24.893,2,000,055,088
28/06/2021,14:34:24.993,1,000,055,049
28/06/2021,14:34:25.014,2,000,053,100
28/06/2021,14:34:25.130,1,000,053,050
28/06/2021,14:34:25.157,2,000,055,071
28/06/2021,14:34:25.262,1,000,055,058
28/06/2021,14:34:25.282,2,000,053,115
28/06/2021,14:34:25.422,1,000,053,069
28/06/2021,14:34:25.475,2,000,055,110
28/06/2021,14:34:25.566,1,000,055,058
28/06/2021,14:34:25.585,2,000,053,119
28/06/2021,14:34:25.710,1,000,053,054
28/06/2021,14:34:25.735,2,000,055,105
28/06/2021,14:34:25.827,2,000,053,114
28/06/2021,14:34:25.847,1,000,055,055
28/06/2021,14:34:25.963,1,000,053,056
28/06/2021,14:34:25.984,2,000,055,124
28/06/2021,14:34:26.091,2,000,053,125
28/06/2021,14:34:26.112,1,000,055,057
28/06/2021,14:34:26.235,1,000,053,057
28/06/2021,14:34:26.255,2,000,055,112
28/06/2021,14:34:26.365,2,000,053,120
28/06/2021,14:34:26.388,1,000,055,047
28/06/2021,14:34:26.514,1,000,053,050
28/06/2021,14:34:26.534,2,000,055,114
28/06/2021,14:34:26.643,1,000,055,052
28/06/2021,14:34:26.664,2,000,053,127
28/06/2021,14:34:26.795,1,000,053,066
28/06/2021,14:34:26.815,2,000,055,120
28/06/2021,14:34:26.919,2,000,053,127
28/06/2021,14:34:26.939,1,000,055,053
28/06/2021,14:34:27.071,1,000,053,058
28/06/2021,14:34:27.091,2,000,055,116
28/06/2021,14:34:27.183,2,000,053,127
28/06/2021,14:34:27.203,1,000,055,051
28/06/2021,14:34:27.354,1,000,053,054
28/06/2021,14:34:27.373,2,000,055,075
28/06/2021,14:34:27.490,1,000,055,028
28/06/2021,14:34:27.510,2,000,053,127
28/06/2021,14:34:27.645,1,000,053,077
28/06/2021,14:34:27.669,2,000,055,110
28/06/2021,14:34:27.792,1,000,055,066
28/06/2021,14:34:27.812,2,000,053,110
28/06/2021,14:34:27.929,2,000,055,127
28/06/2021,14:34:27.950,1,000,053,065
28/06/2021,14:34:28.055,1,000,055,070
28/06/2021,14:34:28.076,2,000,053,102
28/06/2021,14:34:28.172,2,000,055,059
28/06/2021,14:34:28.205,1,000,053,062
28/06/2021,14:34:28.310,1,000,055,066
28/06/2021,14:34:28.331,2,000,053,127
28/06/2021,14:34:28.474,1,000,053,062
28/06/2021,14:34:28.494,2,000,055,114
28/06/2021,14:34:28.605,1,000,055,053
28/06/2021,14:34:28.626,2,000,053,108
28/06/2021,14:34:28.756,1,000,053,052
28/06/2021,14:34:28.776,2,000,055,127
28/06/2021,14:34:28.900,1,000,055,045
28/06/2021,14:34:28.920,2,000,053,086
28/06/2021,14:34:29.059,2,000,055,116
28/06/2021,14:34:29.078,1,000,053,050
28/06/2021,14:34:29.169,1,000,055,049
28/06/2021,14:34:29.190,2,000,053,122
28/06/2021,14:34:29.312,1,000,053,059
28/06/2021,14:34:29.356,2,000,055,117
28/06/2021,14:34:29.486,2,000,053,078
28/06/2021,14:34:32.351,1,000,053,045
28/06/2021,14:34:32.439,1,000,055,052
28/06/2021,14:34:32.491,2,000,053,127
28/06/2021,14:34:32.559,1,000,053,051
28/06/2021,14:34:32.578,2,000,055,075
28/06/2021,14:34:32.646,2,000,053,127
28/06/2021,14:34:32.666,1,000,055,043
28/06/2021,14:34:32.778,1,000,053,028
28/06/2021,14:34:32.801,2,000,055,119
28/06/2021,14:34:32.856,2,000,053,127
28/06/2021,14:34:32.906,1,000,055,012
28/06/2021,14:34:32.972,1,000,053,057
28/06/2021,14:34:32.992,2,000,055,100
28/06/2021,14:34:33.079,2,000,053,114
28/06/2021,14:34:33.105,1,000,055,037
28/06/2021,14:34:33.190,2,000,055,127
28/06/2021,14:34:33.210,1,000,053,061
28/06/2021,14:34:33.288,2,000,053,127
28/06/2021,14:34:33.307,1,000,055,039
28/06/2021,14:34:33.412,1,000,053,051
28/06/2021,14:34:33.432,2,000,055,071
28/06/2021,14:34:33.517,2,000,053,127
28/06/2021,14:34:33.537,1,000,055,044
28/06/2021,14:34:33.631,2,000,055,119
28/06/2021,14:34:33.651,1,000,053,060
28/06/2021,14:34:33.726,2,000,053,127
28/06/2021,14:34:33.756,1,000,055,041
28/06/2021,14:34:33.861,1,000,053,048
28/06/2021,14:34:33.882,2,000,055,096
28/06/2021,14:34:33.951,2,000,053,111
28/06/2021,14:34:33.976,1,000,055,039
28/06/2021,14:34:34.078,2,000,055,110
28/06/2021,14:34:34.099,1,000,053,057
28/06/2021,14:34:34.193,2,000,053,123
28/06/2021,14:34:34.217,1,000,055,044
28/06/2021,14:34:34.312,2,000,055,111
28/06/2021,14:34:34.331,1,000,053,049
28/06/2021,14:34:34.414,2,000,053,127
28/06/2021,14:34:34.441,1,000,055,037
28/06/2021,14:34:34.531,2,000,055,101
28/06/2021,14:34:34.550,1,000,053,060
28/06/2021,14:34:34.614,2,000,053,118
28/06/2021,14:34:34.634,1,000,055,045
28/06/2021,14:34:34.743,1,000,053,051
28/06/2021,14:34:34.763,2,000,055,092
28/06/2021,14:34:34.859,2,000,053,097
28/06/2021,14:34:34.894,1,000,055,047
28/06/2021,14:34:34.988,2,000,055,117
28/06/2021,14:34:35.012,1,000,053,058
28/06/2021,14:34:35.096,2,000,053,127
28/06/2021,14:34:35.116,1,000,055,043
28/06/2021,14:34:35.213,2,000,055,108
28/06/2021,14:34:35.233,1,000,053,057
28/06/2021,14:34:35.319,2,000,053,127
28/06/2021,14:34:35.339,1,000,055,046
28/06/2021,14:34:35.442,2,000,055,100
28/06/2021,14:34:35.463,1,000,053,065
28/06/2021,14:34:35.542,2,000,053,119
28/06/2021,14:34:35.562,1,000,055,042
28/06/2021,14:34:35.653,1,000,053,046
28/06/2021,14:34:35.673,2,000,055,075
28/06/2021,14:34:35.740,2,000,053,127
28/06/2021,14:34:35.766,1,000,055,032
28/06/2021,14:34:35.848,2,000,055,089
